Bigram,Count
Dobby: The,1
The best,1
best LLM,1
"LLM personality,",1
"personality, outperforming",1
outperforming SOTA,1
SOTA models.,1
models. Compare,1
Compare with,1
with Llama,1
Llama 70B:,1
70B: https://t.co/lcFI4d7mhX,1
https://t.co/lcFI4d7mhX #AI,2
#AI #LLM,14
#LLM for,1
for a,1
a couple,1
couple of,1
of seconds,1
seconds Dobby:,1
Dobby: the,1
the ultimate,1
ultimate LLM,1
LLM personalityâ€”outshining,1
personalityâ€”outshining SOTA.,1
"SOTA. Thanks,",1
"Thanks, @confident_ai.",1
@confident_ai. Compare:,1
Compare: https://t.co/lcFI4d7mhX,1
#LLM @SentientAGI,1
sn-news: #open,1
#open #ai,1
#ai #ml,1
#ml #llm,1
#llm Researchers,1
Researchers open,1
open source,2
"source Sky-T1,",1
"Sky-T1, a",1
a â€˜reasoningâ€™,1
â€˜reasoningâ€™ AI,1
AI model,2
model that,2
that can,1
can be,1
be trained,1
trained for,1
for less,1
less than,1
than $450,1
$450 https://t.co/0SpdH3rCVY,1
Introducing Root,1
"Root Judge,",1
"Judge, a",1
a powerful,1
powerful mid-sized,1
mid-sized LLM,1
LLM that,1
that enables,1
enables reliable,1
reliable and,1
and customizable,1
customizable LLM,1
LLM system,1
system evaluations.,1
evaluations. Trained,1
Trained on,1
on 384,1
384 AMD,1
AMD Radeon,1
Radeon Instinctâ„¢,1
Instinctâ„¢ MI250X,1
MI250X GPUs,1
GPUs using,1
using the,1
the LUMI,1
LUMI Supercomputer.,1
Supercomputer. #LLM,1
#LLM #LLMs,1
#LLMs #evaluation,1
#evaluation #llm_as_a_judge,1
#llm_as_a_judge #llama,1
#llama @RootSignals,1
@RootSignals Check:,1
Check: https://t.co/VBiCck3jM8,1
https://t.co/VBiCck3jM8 https://t.co/UhOXzSwjD5,1
El lado,1
lado del,1
del mal,1
mal -,1
- Perplexity,1
Perplexity Pro,1
Pro Deep,1
Deep Research:,1
Research: Gratis,1
Gratis para,1
para todos,1
todos los,1
los clientes,1
clientes de,1
de Movistar,1
Movistar https://t.co/g6UjCKsysq,1
https://t.co/g6UjCKsysq #Perplexity,1
#Perplexity #Movistar,1
#Movistar #TelefÃ³nica,1
#TelefÃ³nica #IA,1
#IA #AI,1
#AI #GenAI,2
#GenAI #LLM,3
#LLM #DeepResearch,1
#DeepResearch https://t.co/ATuoABm6wk,1
ã€ŒOn Context,1
Context Utilization,1
Utilization in,1
in Summarization,1
Summarization with,1
with Large,1
Large Language,3
Language Modelsã€,1
Modelsã€ LLMã¯100kãƒˆãƒ¼ã‚¯ãƒ³ã‚’è¶…ãˆã‚‹ã‚ˆã†ãªé•·ã„å…¥åŠ›ã‚³ãƒ³ãƒ†ã‚­ã‚¹ãƒˆã‚’æ‰±ãˆã‚‹ã‚ˆã†ã«ãªã£ãŸãŒã€è³ªå•å¿œç­”ã§ã¯ã€è¨€èªãƒ¢ãƒ‡ãƒ«ã¯å…¥åŠ›ã‚³ãƒ³ãƒ†ã‚­ã‚¹ãƒˆã®æ´»ç”¨ã«ã°ã‚‰ã¤ããŒã‚ã‚‹ã€‚,1
LLMã¯100kãƒˆãƒ¼ã‚¯ãƒ³ã‚’è¶…ãˆã‚‹ã‚ˆã†ãªé•·ã„å…¥åŠ›ã‚³ãƒ³ãƒ†ã‚­ã‚¹ãƒˆã‚’æ‰±ãˆã‚‹ã‚ˆã†ã«ãªã£ãŸãŒã€è³ªå•å¿œç­”ã§ã¯ã€è¨€èªãƒ¢ãƒ‡ãƒ«ã¯å…¥åŠ›ã‚³ãƒ³ãƒ†ã‚­ã‚¹ãƒˆã®æ´»ç”¨ã«ã°ã‚‰ã¤ããŒã‚ã‚‹ã€‚ https://t.co/DY1ZLXL64O,1
https://t.co/DY1ZLXL64O #è«–æ–‡,1
#è«–æ–‡ #LLM,1
#LLM #ã‚¨ãƒ³ã‚¸ãƒ‹ã‚¢,1
#ã‚¨ãƒ³ã‚¸ãƒ‹ã‚¢ #ã‚¹ã‚¿ãƒ¼ãƒˆã‚¢ãƒƒãƒ—,1
The Attention,1
Attention Mechanism,1
Mechanism That,1
That Skips,1
Skips the,1
the Chit-Chat!!ğŸš‹,1
Chit-Chat!!ğŸš‹ ğŸ‘‰https://t.co/4tYbRSkIYF,1
ğŸ‘‰https://t.co/4tYbRSkIYF #DeepSeek,1
#DeepSeek #attention,1
#attention #llm,1
#llm DeepSeek,1
DeepSeek dropped,1
dropped a,1
a new,2
new paperâ€”Natively,1
paperâ€”Natively trainable,1
trainable Sparse,1
Sparse Attention,1
"Attention (NSA),",1
"(NSA), a",1
new sparse,1
sparse attention,1
attention mechanism,1
mechanism that,1
that integrates,1
integrates hardware-optimized,1
hardware-optimized design,1
design with,1
with a,2
a hierarchical,1
hierarchical sparseâ€¦,1
sparseâ€¦ https://t.co/4dCxmRtttH,1
https://t.co/4dCxmRtttH https://t.co/JHNHhCc2IK,1
DeepSeek in,1
in my,1
my Engineerâ€™s,1
Engineerâ€™s Eyes,1
Eyes @rsstabs,1
@rsstabs https://t.co/b8gvrByaiq,1
https://t.co/b8gvrByaiq #llm-applications,1
#llm-applications #genai,1
#genai #deepseek,1
#deepseek #generative-ai-tools,1
#generative-ai-tools #machine-learning,1
Qwen #LLM,1
#LLM ...,1
... What,1
What it,1
it really,1
really means,1
means https://t.co/FchthtRpey,1
SGPT-3.0 #LLM,2
#LLM #Grok3,3
#Grok3 #SGPT,2
#SGPT https://t.co/16zam6f49j,1
https://t.co/16zam6f49j https://t.co/aVTfKGkI7F,1
This domain,1
domain name,1
name is,1
is for,1
for sale.,1
sale. https://t.co/kh2NrPtLSy,1
https://t.co/kh2NrPtLSy #ai,1
#ai #jais,1
#jais #LLM,1
#LLM #domain,1
#domain #GPT,1
#GPT #Arab,1
#Arab #Arabic,1
#Arabic #Dubai,1
#Dubai #ABUDhabi,1
#ABUDhabi @AI_Arabic1,1
@AI_Arabic1 @Algorand_Arabic,1
@Algorand_Arabic #Domains,1
#Domains #domainsales,1
#domainsales #jaisai,1
#jaisai #DomainNameForSae,1
#DomainNameForSae #chatbot,1
#chatbot @G42ai,1
@G42ai @core42_ai,1
@core42_ai @Inception_AI,1
@Inception_AI https://t.co/kJHm8ZOqho,1
W&amp;Bã€LLMé–‹ç™ºã®å¼·åŠ›ãªå‘³æ–¹ï¼å®Ÿé¨“ç®¡ç†ã€ãƒã‚¤ãƒ‘ãƒ¼ãƒ‘ãƒ©ãƒ¡ãƒ¼ã‚¿èª¿æ•´ã€ãƒ¢ãƒ‡ãƒ«è©•ä¾¡ãŒç°¡å˜ã€‚ãƒ€ãƒƒã‚·ãƒ¥ãƒœãƒ¼ãƒ‰ã§é€²æ—æŠŠæ¡ã€ãƒãƒ¼ãƒ å…±æœ‰ã‚‚â—ã€‚Tracesæ©Ÿèƒ½ã§ãƒ‡ãƒãƒƒã‚°åŠ¹ç‡UPã€‚åŸºç›¤ãƒ¢ãƒ‡ãƒ«æ§‹ç¯‰ã€ãƒ•ã‚¡ã‚¤ãƒ³ãƒãƒ¥ãƒ¼ãƒ‹ãƒ³ã‚°ã€ã‚¢ãƒ—ãƒªé–‹ç™ºã«æœ€é©ã€‚ä»Šå¾Œã¯CI/CDè‡ªå‹•åŒ–ã‚‚æ´»ç”¨äºˆå®šã€‚#WeightsAndBiases #LLM,1
#LLM #AI,6
ğŸ«µ https://t.co/gOsgK4BPyv,5
https://t.co/gOsgK4BPyv Â»Like,1
Â»Like human,1
"human brains,",1
"brains, large",1
large language,1
language models,1
models reason,1
reason about,1
about diverse,1
diverse data,1
data in,1
in a,1
a general,1
general wayÂ«,1
wayÂ« https://t.co/XJlMNzcaRX,1
https://t.co/XJlMNzcaRX #AIagent,1
#AIagent #AI,5
#AI #ML,5
#ML #NLP,5
#NLP #LLM,6
#LLM #GenAI,6
https://t.co/gOsgK4BPyv Â»MIT,1
Â»MIT spinout,1
spinout maps,1
maps the,1
the bodyâ€™s,1
bodyâ€™s metabolites,1
metabolites to,1
to uncover,1
uncover the,1
the hidden,1
hidden drivers,1
drivers of,1
of diseaseÂ«,1
diseaseÂ« https://t.co/141LyhjiZ0,1
https://t.co/141LyhjiZ0 #AIagent,1
"Agent AI,",1
"AI, ktÃ³ry",1
ktÃ³ry sam,1
sam podejmuje,1
podejmuje decyzje,1
decyzje za,1
za Ciebie!,1
Ciebie! Jak,1
Jak to,1
to dziaÅ‚a,1
dziaÅ‚a w,1
w praktyce?,1
praktyce? ğŸ˜±,1
"ğŸ˜± Wbijaj,",1
"Wbijaj, Å¼eby",1
Å¼eby odsÅ‚uchaÄ‡,1
odsÅ‚uchaÄ‡ odcinek,1
odcinek z,1
z @_overment,1
@_overment na:,1
na: ğŸ”´,1
ğŸ”´ YouTube:,1
YouTube: https://t.co/UKPeCY7CoO,1
https://t.co/UKPeCY7CoO #ai,1
#ai #sztucznainteligencja,1
#sztucznainteligencja #llm,1
#llm https://t.co/UH2sZbHqGy,1
Need web/mobile,1
web/mobile clients,1
clients to,1
to hit,1
hit #LLM,1
#LLM inference,2
inference APIs,1
"APIs directly,",1
"directly, but",1
but providers,1
providers don't,1
don't offer,1
offer an,1
an API,1
API where,1
where a,1
a server,1
server can,1
can acquire,1
acquire an,1
an ephemeral,1
ephemeral API,1
API key,1
key that,1
that expires,1
expires in,1
in 15,1
15 mins,1
mins or,1
or less.,1
less. I,1
I shouldn't,1
shouldn't need,1
need to,1
to write,1
write up,1
up a,2
a proxy,1
proxy for,1
for this,1
this need.,1
need. /cc,1
/cc @OpenAI,1
@OpenAI @GoogleCloudTech,1
@GoogleCloudTech @GroqInc,1
@GroqInc @Azure,1
@Azure @ollama,1
How to,1
to grade,1
grade LLMs?,1
LLMs? 5,1
5 essential,1
essential metrics:,1
metrics: 1ï¸âƒ£,1
1ï¸âƒ£ Perplexity:,1
Perplexity: Measures,1
Measures uncertainty.,1
uncertainty. 2ï¸âƒ£,1
2ï¸âƒ£ BLEU:,1
BLEU: Compares,1
Compares to,1
to reference.,1
reference. 3ï¸âƒ£,1
3ï¸âƒ£ ROUGE:,1
ROUGE: Evaluates,1
Evaluates summarization.,1
summarization. 4ï¸âƒ£,1
4ï¸âƒ£ Humans:,1
Humans: Expert,1
Expert judgment.,1
judgment. 5ï¸âƒ£,1
5ï¸âƒ£ Task,1
Task Specific:,1
Specific: Goal,1
Goal performance.,1
performance. #LLM,1
#LLM #Evaluation,1
#Evaluation #Metrics,1
Agentic AI,2
AI Layers,1
Layers Source:@brijpandeyji,1
Source:@brijpandeyji #GenerativeAI,1
#GenerativeAI #GenAI,1
#LLM #LargeLanguageModel,1
#LargeLanguageModel #DataScience,1
#DataScience #AI,1
#AI #NaturalLanguageProcessing,1
#NaturalLanguageProcessing #data,1
#data #DataScience,1
#DataScience #BigData,1
#BigData #datascientist,1
#datascientist #dataanalytics,1
#dataanalytics #datamanagement,1
#datamanagement #datamining,1
#datamining #dataengineer,1
#dataengineer #agenticai,1
#agenticai #ArtificialIntelligence,1
#ArtificialIntelligence #MachineLearning,1
#MachineLearning https://t.co/ku5zhPTm7w,1
Today's the,1
the day!ğŸš€Join,1
day!ğŸš€Join #openEuler,1
#openEuler and,1
and researchers,1
researchers from,1
"from @uniofedinburgh,",1
"@uniofedinburgh, and",1
"and @PKU1898,",1
"@PKU1898, for",1
for an,1
an insightful,1
insightful workshop,1
workshop on,1
on the,2
the future,1
future of,1
"of #operatingsystems,",1
"#operatingsystems, #heterogeneous",1
"#heterogeneous systems,",1
"systems, #LLM,",1
"#LLM, and",1
and cutting-edge,1
cutting-edge techs.,1
techs. Register,1
Register now:,1
now: https://t.co/9C0T43j1FO,1
https://t.co/9C0T43j1FO #opensource,1
#opensource #OS,1
#OS https://t.co/9Sck0taXKo,1
An #AI,1
#AI that,1
that speaks,1
speaks your,1
"your language,",1
"language, understands",1
understands your,1
"your data,",1
"data, and",1
and delivers,1
"delivers relevant,",1
"relevant, reliable",1
reliable insights.,1
insights. ğŸ¤–ğŸ’­,1
ğŸ¤–ğŸ’­ -,1
- the,3
the power,1
power of,1
of Tailor-Made,1
Tailor-Made Local,1
Local #LLM,1
#LLM with,1
with @RedHat,1
@RedHat Â®,1
Â® AI,1
AI We,1
We build,1
build a,1
a model,1
that works,1
works for,1
"for you,",1
"you, without",1
without settling,1
settling on,1
on generic,1
generic #AI.,1
#AI. #LocalLLM,1
#LocalLLM #hallucination,1
#hallucination #GenAI,1
#GenAI https://t.co/KrHGVMA1Ye,1
ğŸ“¢ Claude,1
Claude 3.5,1
3.5 Sonnet,1
Sonnet Just,1
Just Dropped!,1
Dropped! ğŸš€,1
ğŸš€ ğŸ”¹,1
ğŸ”¹ 2x,1
2x faster,1
faster than,1
than Claude,1
Claude 3,1
3 Opus,1
Opus âš¡,1
âš¡ Beats,1
Beats GPT-4o,1
GPT-4o in,1
in benchmarks,1
benchmarks ğŸš€,1
ğŸš€ Free,2
Free on,1
on https://t.co/CQ9dr5JJXp,1
https://t.co/CQ9dr5JJXp &amp;,1
&amp; API,1
API access,1
access â“,1
â“ Is,1
Is this,1
this the,1
the new,2
new speed,1
speed king?,1
king? Source:,1
Source: TechCrunch,1
TechCrunch #AI,1
#LLM #Anthropic,1
#SGPT https://t.co/MQTEGw2ixC,1
https://t.co/MQTEGw2ixC https://t.co/VfPKKUAoy1,1
Livebook ä¸Šã§æ—¥æœ¬èªãƒ†ã‚­ã‚¹ãƒˆåŸ‹ã‚è¾¼ã¿ãƒ¢ãƒ‡ãƒ«,2
ä¸Šã§æ—¥æœ¬èªãƒ†ã‚­ã‚¹ãƒˆåŸ‹ã‚è¾¼ã¿ãƒ¢ãƒ‡ãƒ« Ruri,2
Ruri ã«ã‚ˆã‚‹ãƒ†ã‚­ã‚¹ãƒˆæ¤œç´¢ã‚’å®Ÿè£…ã™ã‚‹ï¼ˆOllama,1
ã«ã‚ˆã‚‹ãƒ†ã‚­ã‚¹ãƒˆæ¤œç´¢ã‚’å®Ÿè£…ã™ã‚‹ï¼ˆOllama åˆ©ç”¨ï¼‰,1
åˆ©ç”¨ï¼‰ https://t.co/8cvyhAKGuF,1
https://t.co/8cvyhAKGuF #Qiita,1
#Qiita #MyElixirStatus,2
#MyElixirStatus #LLM,2
#LLM @nakaji573ã‚ˆã‚Š,2
Ruri ã«ã‚ˆã‚‹ãƒ†ã‚­ã‚¹ãƒˆæ¤œç´¢ã‚’å®Ÿè£…ã™ã‚‹,1
ã«ã‚ˆã‚‹ãƒ†ã‚­ã‚¹ãƒˆæ¤œç´¢ã‚’å®Ÿè£…ã™ã‚‹ https://t.co/Mhd157atv7,1
https://t.co/Mhd157atv7 #Qiita,1
LLMç³»AIã®ç¤¾å†…æµ¸é€ãŒé€²ã‚ã°é€²ã‚€ã»ã©ã€ç”²ã€‘AIã‚’ä½¿ã„ã“ãªã—èºé€²ã™ã‚‹äººã€ã€ä¹™ã€‘AIã«æŒ¯ã‚Šå›ã•ã‚‹äººã€ã€ä¸™ã€‘AIå®Œå…¨ä¾å­˜ã§è‡ªå·±å–ªå¤±ã®äººã€ã®å·®ãŒéš›ç«‹ã£ã¦ãã‚‹ã€‚ç”²ä¹™ä¸™ã„ãšã‚Œã‚‚çµ„ç¹”ã«å±…ç¶šã‘ã‚‹ã®ã§ãƒãƒã‚¸ãƒ¡ãƒ³ãƒˆã®äººã¨ã—ã¦ã®èƒ½åŠ›ãŒæ±‚ã‚ã‚‰ã‚Œã‚‹ã‚ˆã†ã«ãªã‚‹ã€‚#LLM #ChatGPT,1
#ChatGPT #Copilot,1
#Copilot #FAQ,1
ğŸ”¥ My,1
My New,1
New Video,1
Video Episode,1
Episode 2!,1
2! ğŸ”¥,1
ğŸ”¥ Learn,1
Learn AI,1
AI &amp;,1
&amp; Become,1
Become an,1
an AI,2
AI Engineer,1
Engineer ğŸš€,1
ğŸš€ ğŸ“¹,1
ğŸ“¹ AI,1
AI Products,1
Products |,1
| Core,1
Core Principles,1
Principles |,1
| Large,1
Language Models,2
Models ğŸ‘‰,1
ğŸ‘‰ Watch,1
Watch Now:,1
Now: https://t.co/sH3sWD5IhW,1
https://t.co/sH3sWD5IhW #AI,1
#AI #AIEngineer,1
#AIEngineer #LearnAI,1
#LearnAI #MachineLearning,1
#MachineLearning #TechEducation,1
#TechEducation #Urdu,1
#Urdu #Hindi,1
#Hindi #LLM,1
#LLM #DeepLearning,2
ã‚¤ãƒ¼ãƒ­ãƒ³ãƒã‚¹ã‚¯ã€Œåœ°çƒã§æœ€ã‚‚è³¢ã„AIã€ã¨å®£è¨€ãƒ¼ãƒ¼xAIã€æœ€æ–°AIãƒ¢ãƒ‡ãƒ«ã€ŒGrok 3ã€ã‚’æ­£å¼ãƒªãƒªãƒ¼ã‚¹,1
3ã€ã‚’æ­£å¼ãƒªãƒªãƒ¼ã‚¹ æœ‰æ–™ä¼šå“¡å‘ã‘ã«æä¾›é–‹å§‹,1
æœ‰æ–™ä¼šå“¡å‘ã‘ã«æä¾›é–‹å§‹ |,1
| https://t.co/NtfQqftWUK,1
https://t.co/NtfQqftWUK #LLM,1
#LLM #search,2
#search #reasoning,2
#reasoning #NLP,1
#NLP #AI,2
#AI https://t.co/dYFPopxN5N,1
"Amazon's COSMO,",1
"COSMO, an",1
"AI system,",1
"system, will",1
will revolutionize,1
revolutionize online,1
online shopping.,1
shopping. This,1
"This ""Common",1
"""Common Sense",1
Sense Knowledge,1
"Knowledge Generation""",1
"Generation"" system",1
system powers,1
powers Amazon,1
"Amazon Search,",1
"Search, bridging",1
bridging the,1
the gap,1
gap between,1
between queries,1
queries &amp;,1
&amp; intent.,1
intent. #amazon,1
#amazon #geo,1
#geo #genai,1
#genai #llm,1
#llm #performancemarketing,1
#performancemarketing #cosmo,1
#cosmo https://t.co/E98bCH1mkp,1
#Pienso æ˜¯ä¸€ä¸ª,1
æ˜¯ä¸€ä¸ª B2B,1
B2B äººå·¥æ™ºèƒ½å¹³å°ï¼Œå®ƒåˆ©ç”¨æ–‡æœ¬æ•°æ®è¿›è¡Œæ´å¯ŸåŠ›ç”Ÿæˆã€æ–‡æ¡£æ™ºèƒ½å’Œå†…å®¹ç®¡ç†ã€‚,1
äººå·¥æ™ºèƒ½å¹³å°ï¼Œå®ƒåˆ©ç”¨æ–‡æœ¬æ•°æ®è¿›è¡Œæ´å¯ŸåŠ›ç”Ÿæˆã€æ–‡æ¡£æ™ºèƒ½å’Œå†…å®¹ç®¡ç†ã€‚ #AI,1
#LLM https://t.co/b5ewNHTStZ,1
Rio Yokota,1
Yokota of,1
of Institute,1
Institute of,1
of Science,1
Science Tokyo,1
Tokyo (new,1
(new name,1
name for,1
for Titech),1
Titech) giving,1
giving an,1
an update,1
update on,1
on #LLM,1
#LLM work,1
work using,1
using #supercomputers,1
#supercomputers in,1
in Japan,1
Japan at,1
at #MW25NZ,1
#MW25NZ mixed,1
mixed with,1
with an,1
an excellent,1
excellent overall,1
overall discussion,1
discussion of,1
of wider,1
wider international,1
international #AI,1
#AI evolution,1
evolution and,1
and advances,1
advances #HPC,1
#HPC https://t.co/YH4oLAtbkY,1
å®Ÿè·µçš„ãªãƒ—ãƒ­ãƒ³ãƒ—ãƒˆã‚¨ãƒ³ã‚¸ãƒ‹ã‚¢ãƒªãƒ³ã‚°æ‰‹æ³•ã‚’è§£èª¬ https://t.co/tl8z7G47a5,1
https://t.co/tl8z7G47a5 #ãƒ—ãƒ­ãƒ³ãƒ—ãƒˆã‚¨ãƒ³ã‚¸ãƒ‹ã‚¢ãƒªãƒ³ã‚°,1
#ãƒ—ãƒ­ãƒ³ãƒ—ãƒˆã‚¨ãƒ³ã‚¸ãƒ‹ã‚¢ãƒªãƒ³ã‚° #LLM,1
This MCP,1
MCP server,1
server allows,1
allows automation,1
automation of,1
of interactions,1
interactions with,1
with WordPress,1
WordPress sites,1
sites through,1
through the,2
the WordPress,1
WordPress REST,1
REST API,1
API using,1
using JSON-RPC,1
JSON-RPC 2.0,1
2.0 protocol.,1
protocol. https://t.co/7AiSgQslkI,1
https://t.co/7AiSgQslkI #mcp,1
#mcp #AI,1
#AI #llm,2
#llm #lrm,1
#lrm #WordPress,1
#WordPress #Automation,1
âš¡ AI,1
AI just,1
just got,1
got faster!,1
faster! Speculative,1
Speculative Decoding,1
Decoding speeds,1
speeds up,1
up LLMs,1
LLMs by,2
by 2xâ€“3x,1
2xâ€“3x using,1
using a,2
a draft,1
draft model,1
model +,1
+ verification,1
verification model,1
model approach.,1
approach. âœ…,1
âœ… Faster,1
Faster AI,1
AI responses,1
responses âœ…,1
âœ… Retains,1
Retains accuracy,1
accuracy âœ…,1
âœ… Integrated,1
Integrated in,1
in LM,1
LM Studio,1
Studio 0.3.10,1
0.3.10 ğŸ”—,1
ğŸ”— Read,1
Read more:,1
more: https://t.co/fb6bZLk7xs,1
https://t.co/fb6bZLk7xs #LLM,1
#LLM #SpeculativeDecoding,1
#SpeculativeDecoding #LMStudio,1
#LMStudio https://t.co/Yuzi742O9C,1
Grok 3,1
3 tops,1
tops LM,1
LM Marina,1
Marina leaderboard!,1
"leaderboard! Smart,",1
"Smart, ""mostly",1
"""mostly uncensored"",",1
"uncensored"", text-to-video,",1
"text-to-video, future",1
"future ""Super",1
"""Super Grok""",1
"Grok"" sub.",1
sub. Direct,1
Direct Twitter,1
Twitter data,1
"data access,",1
"access, truth-focused,",1
"truth-focused, Colossus-trained.",1
Colossus-trained. Passed,1
Passed vibe,1
vibe check,1
check with,1
with Spel,1
Spel code.,1
code. #AI,1
#AI #Grok3,1
#Grok3 #LLM,1
ğŸ‰Amazing work!,1
work! ğŸ“Weâ€™re,1
ğŸ“Weâ€™re delighted,1
delighted that,1
that #myCobot280,1
#myCobot280 M5,1
M5 could,1
could support,1
support your,1
your study,1
study on,1
on vision,1
vision control,1
control using,1
using large-scale,1
large-scale vision-language,1
vision-language models.,1
models. Keep,1
Keep pushing,1
pushing boundaries!,1
boundaries! ğŸ¤–Keep,1
ğŸ¤–Keep up,1
up the,2
the amazing,1
amazing work!ğŸš€Learn,1
work!ğŸš€Learn moreğŸ‘‰https://t.co/NqtmLEG2FU,1
moreğŸ‘‰https://t.co/NqtmLEG2FU #Robotics,1
#Robotics #TechInnovation,1
#TechInnovation #AI,1
#LLM #M5Stack,1
#M5Stack https://t.co/QW20X4ANY0,1
Staffing Magazineæ›´æ–°ï¼,1
Magazineæ›´æ–°ï¼ æœ¬æ—¥ã¯ã€ã€ŒAIé–‹ç™ºã®æ–°æ‰‹æ³•ã€LIMOã€ã€æ•°ç™¾ä»¶ã®ãƒ‡ãƒ¼ã‚¿ã§å®Ÿç¾ã™ã‚‹é«˜æ€§èƒ½åŒ–ã€ã«ã¤ã„ã¦è§£èª¬ã—ã¦ã„ã¾ã™ã€‚,1
æœ¬æ—¥ã¯ã€ã€ŒAIé–‹ç™ºã®æ–°æ‰‹æ³•ã€LIMOã€ã€æ•°ç™¾ä»¶ã®ãƒ‡ãƒ¼ã‚¿ã§å®Ÿç¾ã™ã‚‹é«˜æ€§èƒ½åŒ–ã€ã«ã¤ã„ã¦è§£èª¬ã—ã¦ã„ã¾ã™ã€‚ ãœã²ãƒã‚§ãƒƒã‚¯ã—ã¦ã¿ã¦ãã ã•ã„ï¼,1
ãœã²ãƒã‚§ãƒƒã‚¯ã—ã¦ã¿ã¦ãã ã•ã„ï¼ #LIMO,1
#LIMO #LLM,1
#LLM #AIProfessional,1
#AIProfessional https://t.co/tKnGIMHRYz,1
"xAI, 'ì„¸ê³„ì—ì„œ",1
'ì„¸ê³„ì—ì„œ ê°€ì¥,1
ê°€ì¥ ë˜‘ë˜‘í•œ',1
ë˜‘ë˜‘í•œ' Grok-3,1
Grok-3 ì¶œì‹œ...ì¶”ë¡ ,1
ì¶œì‹œ...ì¶”ë¡  ëª¨ë¸,1
ëª¨ë¸ 'DeepSearch'ë„,1
'DeepSearch'ë„ ë°œí‘œ,1
ë°œí‘œ (ì¶œì²˜:aitimes),1
(ì¶œì²˜:aitimes) -xAIëŠ”,1
-xAIëŠ” 17ì¼,1
17ì¼ X(íŠ¸ìœ„í„°),1
X(íŠ¸ìœ„í„°) ì´ë²¤íŠ¸ë¥¼,1
ì´ë²¤íŠ¸ë¥¼ í†µí•´,1
í†µí•´ ê·¸ë¡-3ë¥¼,1
ê·¸ë¡-3ë¥¼ ë°œí‘œ.,1
ë°œí‘œ. -ì„¸ê³„,1
-ì„¸ê³„ ìµœëŒ€ì˜,1
ìµœëŒ€ì˜ AI,1
AI ë°ì´í„°ì„¼í„°,1
ë°ì´í„°ì„¼í„° 'ì½œë¡œì„œìŠ¤'ì—ì„œ,1
'ì½œë¡œì„œìŠ¤'ì—ì„œ í›ˆë ¨ëœ,1
"í›ˆë ¨ëœ ê²ƒìœ¼ë¡œ,",1
"ê²ƒìœ¼ë¡œ, ê°ì¢…",1
ê°ì¢… ë²¤ì¹˜ë§ˆí¬ì—ì„œ,1
ë²¤ì¹˜ë§ˆí¬ì—ì„œ í˜„ì¡´,1
í˜„ì¡´ ìµœê°•ì¸,1
ìµœê°•ì¸ ì˜¤í”ˆAI,1
ì˜¤í”ˆAI ë°,1
ë° ë”¥ì‹œí¬ë¥¼,1
ë”¥ì‹œí¬ë¥¼ ëŠ¥ê°€.,1
ëŠ¥ê°€. #grok3,1
#grok3 #llm,1
#llm #xai,1
#xai #wonwizard,1
#wonwizard https://t.co/dE8LedvfT0,1
â€œã€ŒAIã®åˆ©ç”¨ãƒ»é–‹ç™ºã«é–¢ã™ã‚‹å¥‘ç´„ãƒã‚§ãƒƒã‚¯ãƒªã‚¹ãƒˆã€ã‚’å–ã‚Šã¾ã¨ã‚ã¾ã—ãŸ ï¼ˆMETI/çµŒæ¸ˆç”£æ¥­çœï¼‰â€,1
ï¼ˆMETI/çµŒæ¸ˆç”£æ¥­çœï¼‰â€ https://t.co/PXlkLsSMXy,1
https://t.co/PXlkLsSMXy #ai,1
#ai #LLM,1
#LLM #å¥‘ç´„,1
#å¥‘ç´„ #d,1
Hack infiltration,1
infiltration and,1
and recovery,1
recovery services?,1
services? Inbox,1
Inbox me,1
me for,1
for help.,1
help. #llm,1
#llm #largelanguagemodels,1
#largelanguagemodels #ai,1
#ai #rag,1
#rag #finetuning,1
#finetuning #machinelearning,1
#machinelearning #à¹à¸–à¸¥à¸‡à¸‚à¹ˆà¸²à¸§à¸‡à¸²à¸™à¸šà¸­à¸¥55à¸›à¸µà¸Šà¹ˆà¸­à¸‡3,1
#à¹à¸–à¸¥à¸‡à¸‚à¹ˆà¸²à¸§à¸‡à¸²à¸™à¸šà¸­à¸¥55à¸›à¸µà¸Šà¹ˆà¸­à¸‡3 #ãƒ”ãƒƒã‚³ãƒã§ãƒã‚¤æ´»,1
#ãƒ”ãƒƒã‚³ãƒã§ãƒã‚¤æ´» https://t.co/rImvTVwpUq,1
ğŸš€ A,1
A Comprehensive,1
Comprehensive Overview,1
Overview of,1
of LLMs,2
LLMs in,1
in DETAIL!,1
DETAIL! Written,1
Written by,1
by top,1
top researchers,1
researchers &amp;,1
"&amp; students,",1
"students, this",1
this paper,1
paper covers,1
covers everything,1
everything about,1
about Large,1
Models in,1
in an,1
an easy-to-understand,1
easy-to-understand way.,1
way. ğŸ“–,1
ğŸ“– Read,1
Read here,1
here ğŸ‘‰,1
ğŸ‘‰ https://t.co/GuqCas0uTA,1
https://t.co/GuqCas0uTA #AI,1
#AI #MachineLearning,4
#MachineLearning #LLM,2
#DeepLearning @Setters_Ai,1
ã€è«–æ–‡ã€‘è‡ªå·±é©å¿œå‹LLMã®æ–°æ™‚ä»£ã€Self-adaptive LLMsã€ã«ã¤ã„ã¦ç°¡å˜ã«çºã‚ã¦ã¿ã¾ã—ãŸ,2
LLMsã€ã«ã¤ã„ã¦ç°¡å˜ã«çºã‚ã¦ã¿ã¾ã—ãŸ https://t.co/O9aOEytCjC,1
https://t.co/O9aOEytCjC #è«–æ–‡,1
#è«–æ–‡ #AI,2
Sometimes you,1
you have,1
have to,1
to be,1
be careful,1
careful what,1
what you,1
you ask,1
ask for,1
for -,1
- what,1
what are,1
are the,1
the consequences,1
consequences of,1
of using,1
using #GenerativeAI,1
#GenerativeAI ?,1
? As,1
As they,1
they say,1
say -,1
- moderation,1
moderation is,1
is key,1
key -,1
the same,1
same applies,1
applies to,1
to #GenAI,1
#GenAI usage,1
usage !,1
! https://t.co/0uCtxu53Ym,1
https://t.co/0uCtxu53Ym #innovation,1
#innovation #disruption,2
#disruption #ArtificialIntelligence,1
#ArtificialIntelligence #LLM,1
#AI #AIinnovation,1
GPT-4oã‚ˆã‚Šé«˜æ€§èƒ½ã†ãŸã†ã€ŒGrok 3ã€ãƒã‚¹ã‚¯æ°ã®xAIãŒãƒªãƒªãƒ¼ã‚¹ã€‚ã‚¦ã‚§ãƒ–ç‰ˆã¨iOSã‚¢ãƒ—ãƒªç‰ˆã§æä¾›,1
3ã€ãƒã‚¹ã‚¯æ°ã®xAIãŒãƒªãƒªãƒ¼ã‚¹ã€‚ã‚¦ã‚§ãƒ–ç‰ˆã¨iOSã‚¢ãƒ—ãƒªç‰ˆã§æä¾› |,1
| ãƒ†ã‚¯ãƒã‚¨ãƒƒã‚¸,1
ãƒ†ã‚¯ãƒã‚¨ãƒƒã‚¸ TechnoEdge,1
TechnoEdge #LLM,1
#reasoning #AI,1
#AI https://t.co/pim2itNof6,1
ãƒã‚¹ã‚¯æ°ã®ï½˜ï¼¡ï¼©ã€å¯¾è©±å‹ç”Ÿæˆï¼¡ï¼©ã€Œã‚°ãƒ­ãƒƒã‚¯ï¼“ã€ã‚’ãƒªãƒªãƒ¼ã‚¹ |,1
| ãƒ­ã‚¤ã‚¿ãƒ¼,1
ãƒ­ã‚¤ã‚¿ãƒ¼ #chat,1
#chat #LLM,1
#LLM #NLP,1
#AI https://t.co/MwfAyxjJU6,1
How does,1
does AI,1
AI understand,1
understand you?,1
you? Tokenization!,1
Tokenization! Text,1
Text breaks,1
breaks into,1
"into ""tokens""",1
"""tokens"" (words/sub-words),",1
"(words/sub-words), each",1
each getting,1
getting a,1
a unique,1
unique ID,1
ID from,1
from a,1
a vocabulary.,1
vocabulary. Like,1
Like looking,1
looking up,1
"a word,",1
"word, this",1
this ID,1
ID is,1
is how,1
how LLMs,1
LLMs understand.,1
understand. Tokenization:,1
Tokenization: Text,1
Text -&gt;,1
-&gt; Tokens,1
Tokens -&gt;,1
-&gt; IDs,1
IDs (pre-defined,1
(pre-defined vocab).,1
vocab). Simple!,1
Simple! #LLM,1
#LLM #Tokenization,1
#Tokenization #NLP,1
LLMs boosting,1
boosting support?,1
support? 5,1
5 powerful,1
powerful use,1
use cases:,1
cases: 1ï¸âƒ£,1
1ï¸âƒ£ Chatbots:,1
Chatbots: Automated,1
Automated convos.,1
convos. 2ï¸âƒ£,1
2ï¸âƒ£ FAQs:,1
FAQs: Quick,1
Quick answers.,1
answers. 3ï¸âƒ£,1
3ï¸âƒ£ Sentiment:,1
Sentiment: Understand,1
Understand emotion.,1
emotion. 4ï¸âƒ£,1
4ï¸âƒ£ Personalize:,1
Personalize: Tailored,1
Tailored exp.,1
exp. 5ï¸âƒ£,1
5ï¸âƒ£ Auto,1
Auto Tickets:,1
Tickets: Streamline,1
Streamline workflow.,1
workflow. #LLM,1
#LLM #CustomerService,1
#CustomerService #AI,1
LLMsã€ã«ã¤ã„ã¦ç°¡å˜ã«çºã‚ã¦ã¿ã¾ã—ãŸ https://t.co/O9aOEyua9a,1
https://t.co/O9aOEyua9a #è«–æ–‡,1
"Agree, incredibly",1
incredibly useful,1
useful -,1
the right,2
right amount,1
amount of,1
of detail,1
detail across,1
across the,1
the entire,1
entire #LLM,1
#LLM pipeline.,1
pipeline. I,1
I can't,1
can't believe,1
believe this,1
this is,1
is offered,1
offered gratis,1
gratis from,1
from @karpathy,1
@karpathy .,1
. .,2
. hyper-targeted,1
hyper-targeted knowledge,1
"knowledge diffusion,",1
"diffusion, wow.",1
wow. https://t.co/SZ5hRYKw1S,1
ã‚¦ã‚§ãƒ“ãƒŠãƒ¼é–‹å‚¬æ±ºå®šï¼ ã€Œç”ŸæˆAI,1
ã€Œç”ŸæˆAI x,1
x ãƒ†ã‚­ã‚¹ãƒˆåˆ†æã®é€²åŒ–,1
ãƒ†ã‚­ã‚¹ãƒˆåˆ†æã®é€²åŒ– ã€œ,1
ã€œ LLMã«ã‚ˆã‚‹æœ€æ–°ã®ãƒ†ã‚­ã‚¹ãƒˆç‰¹å¾´é‡ã¨ãƒ“ã‚¸ãƒã‚¹ã§ã®æ´»ç”¨æ³•,1
LLMã«ã‚ˆã‚‹æœ€æ–°ã®ãƒ†ã‚­ã‚¹ãƒˆç‰¹å¾´é‡ã¨ãƒ“ã‚¸ãƒã‚¹ã§ã®æ´»ç”¨æ³• ã€œã€,1
ã€œã€ 3æœˆ27æ—¥(æœ¨),1
3æœˆ27æ—¥(æœ¨) 12:00ï½13:00,1
12:00ï½13:00 è¦–è´æ–¹æ³•:Zoom,1
è¦–è´æ–¹æ³•:Zoom (å‚åŠ ç„¡æ–™),1
(å‚åŠ ç„¡æ–™) https://t.co/GCtgpdXy13,1
https://t.co/GCtgpdXy13 #dotdata,1
#dotdata #ç”ŸæˆAI,1
#ç”ŸæˆAI #ãƒ‡ãƒ¼ã‚¿æ´»ç”¨,1
#ãƒ‡ãƒ¼ã‚¿æ´»ç”¨ #ãƒ‡ãƒ¼ã‚¿åˆ†æ,1
#ãƒ‡ãƒ¼ã‚¿åˆ†æ #ãƒ†ã‚­ã‚¹ãƒˆåˆ†æ,1
#ãƒ†ã‚­ã‚¹ãƒˆåˆ†æ #DXæ¨é€²,1
#DXæ¨é€² #LLM,1
#LLM #ç‰¹å¾´é‡,1
#ç‰¹å¾´é‡ #è‡ªç„¶è¨€èªå‡¦ç†,1
#è‡ªç„¶è¨€èªå‡¦ç† #NLP,1
#NLP https://t.co/i8wjidcC66,1
Pipelines optimize,1
optimize LLMs,1
by handling,1
handling data,1
"data flow,",1
"flow, tokenization,",1
"tokenization, training,",1
"training, and",1
and inference,1
inference efficiently.,1
efficiently. They,1
They enhance,1
"enhance scalability,",1
"scalability, performance,",1
"performance, and",1
and adaptability,1
adaptability for,1
for AI,1
AI applications.,1
applications. #LLM,1
#MachineLearning https://t.co/8MUhXD1qdC,1
https://t.co/gOsgK4BPyv Â»Humaneâ€™s,1
Â»Humaneâ€™s AI,1
AI Pin,1
Pin is,1
is deadÂ«,1
deadÂ« https://t.co/lQK0UDOzUr,1
https://t.co/lQK0UDOzUr #AIagent,1
Wow -,1
- can,1
can #GenerativeAI,1
#GenerativeAI help,1
help us,1
us be,1
be happier,1
happier within,1
within ourselves,1
ourselves &amp;,1
&amp; satisfy,1
satisfy our,1
our human,1
human urges,1
urges ?,1
? These,1
These are,1
are strong,1
strong claims,1
claims -,1
- we're,1
we're never,1
never going,1
going to,1
to stop,1
stop using,1
using #GenAI,1
#GenAI -,1
- are,1
are we,1
we ?,1
? https://t.co/T3shkD4F16,1
https://t.co/T3shkD4F16 #innovation,1
#disruption #LLM,1
#LLM #SLM,1
#SLM #AgenticAI,1
#AgenticAI #AIinnovation,1
#AIinnovation #EthicalAI,1
#EthicalAI #TrustworthyAI,1
#TrustworthyAI l,1
REVISTA DIGITAL,1
DIGITAL DE,1
DE FEBRERO,1
FEBRERO 2025,1
"2025 EconomÃ­a,",1
"EconomÃ­a, Gerencia",1
Gerencia y,1
y TecnologÃ­a,1
TecnologÃ­a Sin,1
Sin ningÃºn,1
ningÃºn registro,1
registro â¡ï¸LÃ©ala,1
â¡ï¸LÃ©ala ahora:,1
ahora: https://t.co/tJeOyLRi47,1
https://t.co/tJeOyLRi47 âœ…,1
âœ… #IA,1
#IA #ML,1
#ML #DL,1
#DL #Cloud,1
#Cloud #LLM,1
#LLM #BI,1
#BI #Technology,1
#Technology #DigitalTransformation,1
#DigitalTransformation #Management,1
#Management #Economy,1
#Economy #Profit,1
#Profit #Psychology,1
#Psychology #Robot,1
#Robot #Crypto,1
#Crypto #Fintech,1
#Fintech #Banking,1
#Banking #data,1
#data https://t.co/VrsIjXw6UR,1
I just,1
just published,1
published a,1
a tutorial,1
tutorial on,1
on how,1
how to,2
to use,2
use Temperature,1
Temperature and,1
and Top,1
Top P,1
P in,1
in Google,1
Google AI,1
AI Studio,1
Studio to,1
to control,1
control AI,1
AI creativity,1
creativity and,1
and vocabulary.,1
vocabulary. Hope,1
Hope you,1
you find,1
find it,1
it useful!,1
useful! #LLM,1
#AI https://t.co/OQSQR3g6mx,1
7/ The,1
The experiments,1
experiments were,1
were conducted,1
conducted on,1
on Llama-3.2-1B-Instruct.,1
Llama-3.2-1B-Instruct. More,1
More insights,1
insights to,1
to come,1
come as,1
as I,1
I refine,1
refine these,1
these techniques.,1
techniques. What,1
What are,1
are your,1
your thoughts,1
thoughts on,1
on manipulating,1
manipulating activation,1
activation directions,1
directions in,1
in LLMs?,1
LLMs? Letâ€™s,1
Letâ€™s discuss!,1
discuss! #AI,1
#LLM #MachineLearning,1
#MachineLearning #AISecurity,1
#AISecurity #MLunlearning,1
#MLunlearning #MachineUnlearning,1
4/n Example,1
Example of,1
of feature,1
feature ablation:,1
ablation: â“,1
â“ Prompt:,1
Prompt: Where,1
Where is,1
is California?,1
California? âœ…,1
âœ… Baseline:,1
Baseline: California,1
California is,1
is a,2
a state,1
state in,1
in the,3
the western,1
western US.,1
US. âŒ,1
âŒ Ablated:,1
Ablated: California,1
California can,1
can refer,1
refer to,1
to different,1
different things,1
things depending,1
depending on,1
on contextâ€¦,1
contextâ€¦ (but,1
(but never,1
never states,1
states where,1
where it,1
it is),1
is) #AI,1
#AI #NLP,1
Iâ€™ve been,1
been playing,1
playing around,1
around with,1
with LLM,1
LLM activations,1
activations and,1
and found,1
found some,1
some interesting,1
interesting insights.,1
insights. Hereâ€™s,1
Hereâ€™s what,1
what I,1
I found:ğŸ§µ,1
found:ğŸ§µ 1/n,1
1/n #AI,1
#LLM #Interpretability,1
#Interpretability #alignment,1
#alignment #opensource,1
#opensource #AGI,1
@pmarca @AravSrinivas,1
@AravSrinivas Hence,1
Hence it,1
it seems,1
seems safe,1
safe to,1
"to guess,",1
"guess, M.",1
"M. @AravSrinivas,",1
"@AravSrinivas, that",1
that you've,1
you've implemented,1
implemented a,1
a proprietary,1
proprietary ideological,1
ideological filter,1
filter to,1
to make,1
make a,1
a #OpenSource,1
#OpenSource Chinese,1
"Chinese #LLM,",1
"#LLM, which",1
which would,1
would have,1
have no,1
no intrinsic,1
intrinsic biases,1
biases on,1
on its,1
its own,1
own (those,1
(those would,1
would be,1
be introduced,1
introduced in,1
the training,1
"training materials),",1
"materials), acceptable",1
acceptable to,1
to right-wing,1
right-wing politics.,1
@deepeval did,1
did a,1
a great,1
great job,1
job framing,1
framing a,1
a systematic,1
systematic approach,1
approach for,1
for end,1
end tÃ¶,1
tÃ¶ end,1
end #RAG,1
#RAG evaluation,1
evaluation https://t.co/waM0ZDhTDh,1
https://t.co/waM0ZDhTDh However,1
However can,1
can we,1
we do,1
do better?,1
better? Can,1
Can Hyperpameters,1
Hyperpameters optimization,1
optimization help,1
help â“ï¸,1
â“ï¸ Check,1
Check this,1
this discussion,1
discussion to,1
to get,1
get more,1
more insights,1
insights https://t.co/YO2MAfITzY,1
https://t.co/YO2MAfITzY #LLM,1
#LLM https://t.co/JdPtd92GjK,1
IBM is,1
is stepping,1
stepping up,1
the game!,1
game! New,1
New small,1
small vision,1
vision LM,1
LM -,1
- Granite,1
Granite Vision,1
"Vision 3.1,",1
"3.1, a",1
a 2B,1
2B param,1
param model,1
model -,1
- with,1
with exceptional,1
exceptional performance,1
performance on,1
on visual,1
visual document,1
document understanding.,1
understanding. ğŸ“„ğŸ”,1
ğŸ“„ğŸ” This,1
This model,1
model was,1
was trained,1
trained by,1
by fine-tuning,1
fine-tuning a,1
a Granite,1
Granite LLM,1
LLM (Granite-3.1-2B-Instruct),1
(Granite-3.1-2B-Instruct) with,1
with both,1
both image,1
image and,1
and text.,1
text. #research,1
#research #llmâ€¦,1
#llmâ€¦ https://t.co/6PRqcO5NLX,1
https://t.co/6PRqcO5NLX https://t.co/RgAlBbhVIx,1
Totday's Portfolio,1
Portfolio Summary,1
Summary #StockMarkets,1
#StockMarkets #Arduino,1
#Arduino #ESP32,1
#ESP32 #Raspberrypi,1
#Raspberrypi #Chihuahua,1
#Chihuahua #Stocks,1
#Stocks #Hodl,1
#Hodl #Python,1
#Python #Alpaca,1
#Alpaca #Ollama,1
#Ollama #LLama3,1
#LLama3 #LLM,1
#LLM #GPT,1
#GPT https://t.co/upR1jozSD6,1
The rise,1
rise of,1
LLMs is,1
is revolutionizing,1
revolutionizing how,1
how we,2
"we learn,",1
"learn, but",1
but recent,1
recent research,1
research from,1
from The,1
The Wharton,1
Wharton School,1
School shows,1
shows that,1
that their,1
their efficiency,1
efficiency may,1
may come,1
come at,1
at a,1
a cost:,1
cost: shallower,1
shallower knowledge.,1
knowledge. Active,1
Active learning,1
learning through,1
through web,1
web searches,1
searches leads,1
leads to,1
to deeper,1
deeper understanding,1
understanding and,1
and more,1
more unique,1
unique insights.,1
insights. #AI,1
#LLM #Learning,1
#Learning #Edu,1
RAG systems,1
systems hallucinate,1
hallucinate more,1
more than,1
than you,1
you think.,1
think. Without,1
Without PROPER,1
"PROPER evaluation,",1
"evaluation, youâ€™re:",1
youâ€™re: âŒ,1
âŒ Wasting,1
Wasting $$$,1
$$$ on,1
on irrelevant,1
irrelevant data,1
data retrieval,1
retrieval âŒ,1
âŒ Ignoring,1
Ignoring â€˜confidently,1
â€˜confidently wrongâ€™,1
wrongâ€™ answers,1
answers âŒ,1
âŒ Missing,1
Missing critical,1
critical gaps,1
gaps in,1
in real-time,1
real-time But,1
But TRIAD,1
TRIAD flips,1
flips the,1
the script.,1
script. âš¡ï¸,1
âš¡ï¸ #LLM,1
#GenAI https://t.co/jMArMiAgC3,1
"Mhm, yeah.",1
yeah. AI,1
AI will,1
will take,1
take jobs,1
jobs away,1
away from,1
from software,1
software engineers.,1
engineers. haha,1
haha so,1
so funny.,1
funny. They'll,1
They'll assist,1
"assist everyone,",1
"everyone, they",1
they won't,1
won't be,1
be as,1
as capable,1
capable as,1
as the,1
the human,1
human brain.,1
brain. #AI,1
#llm #tech,1
#tech https://t.co/NbB0EO4cJf,1
@ilyasut is,1
is right.,1
right. Scaling,1
Scaling Law,1
Law is,1
is hitting,1
hitting its,1
its limit.,1
limit. #AI,1
Letâ€™s free,1
free #LLM,1
#LLM reasoning,1
reasoning with,1
with unbiased,1
unbiased open,1
source model,1
model weights!,1
weights! â¤ï¸ğŸ“š,1
â¤ï¸ğŸ“š https://t.co/V6sxgj011d,1
https://t.co/gOsgK4BPyv Â»Safe,1
"Â»Safe Superintelligence,",1
"Superintelligence, Ilya",1
Ilya Sutskeverâ€™s,1
Sutskeverâ€™s AI,1
"AI startup,",1
"startup, is",1
is reportedly,1
reportedly close,1
close to,1
to raising,1
raising roughly,1
roughly $1BÂ«,1
$1BÂ« https://t.co/i9NklCzmnv,1
https://t.co/i9NklCzmnv #AIagent,1
@AutismCapital @balajis,1
@balajis It's,1
It's also,1
also quite,1
"quite false,",1
"false, M.",1
"M. @AutismCapital,",1
"@AutismCapital, because",1
because the,1
the #LLM,1
#LLM is,1
is not,1
not intelligent,1
intelligent and,1
and does,1
does not,1
not understand,1
"understand English,",1
"English, nor",1
nor indeed,1
indeed any,1
any human,1
human language.,1
language. @grok,1
@grok and,1
and @ChatGPTapp,1
@ChatGPTapp and,1
and @cohere,1
@cohere and,1
and all,1
all the,1
the rest,1
rest of,1
of these,1
these things,1
things are,1
are *not,1
"*not thinking*,",1
"thinking*, remember?",1
remember? They,1
They can't,1
can't tell,1
tell truth,1
truth from,1
from falsehood.,1
Curious: Do,1
Do we,1
we have,1
have benchmarks,1
benchmarks measuring,1
measuring Western,1
Western #LLM,1
#LLM biases?,1
biases? ğŸ§,1
ğŸ§ My,1
My observation:,1
observation: topics,1
topics like,1
"like climate,",1
"climate, energy,",1
"energy, gender,",1
"gender, health",1
health tend,1
tend toward,1
toward left-leaning,1
left-leaning narratives.,1
narratives. Even,1
Even Grok,1
Grok shows,1
shows this,1
this pattern,1
pattern -,1
- https://t.co/KohOmSkSmT,1
https://t.co/KohOmSkSmT (base,1
(base &amp;,1
"&amp; proprietary,",1
"proprietary, all",1
all negative,1
negative =,1
= left,1
left leaning),1
leaning) #ai,1
#ai https://t.co/NwGCgVl0LY,1
ğŸ”¥ #GitHub,1
#GitHub February,1
February Updates:,1
Updates: Developer,1
Developer Experience,1
Experience Improvements,1
Improvements ğŸ”¥,1
ğŸ”¥ #ai,1
#ai #llm,2
#llm #coding,1
#coding ğŸ§µ,1
ğŸ§µ ğŸ‘‡,1
ğŸ‘‡ ğŸ¤–,1
ğŸ¤– #GPT4o,1
#GPT4o #Copilot,1
#Copilot model,1
model now,1
now in,1
in public,1
public preview,1
preview -,1
- trained,1
trained on,1
on 275k+,1
275k+ repositories,1
repositories across,1
across 30+,1
30+ programming,1
programming languages,1
languages https://t.co/GLQ3EmZF4B,1
Try this,1
this dobby,1
dobby out.,1
out. its,1
its funnier,1
funnier them,1
them most,1
most of,1
of The,1
The LLM's,1
LLM's out,1
out there.,1
there. It,1
It is,1
is very,1
very refreshing,1
refreshing and,1
and engaing.,1
engaing. Dobby,1
Dobby is,1
is your,1
your that,1
that friend,1
friend who,1
who can,1
can bitch,1
bitch about,1
about infront,1
infront of,1
of you.,1
you. #Dobby,1
#Dobby #Sentient,1
#Sentient #LLM,1
#LLM https://t.co/CSd7rWaWPK,1
What is,1
is next,1
next in,1
in Radiology,1
Radiology Generative,1
Generative AI?,1
AI? #LLM,1
#LLM #AIAgent,1
#AIAgent and,1
and beyond!!,1
beyond!! Great,1
Great talk,1
talk by,1
by @woojinrad,1
@woojinrad @SocietyAbdRad,1
@SocietyAbdRad @MoffittNews,1
@MoffittNews #SAR25,1
#SAR25 https://t.co/lJVFZJm7VV,1
https://t.co/lJVFZJm7VV https://t.co/maMPx9K3Gy,1
@imPenny2x @RobotJunkyard72,1
@RobotJunkyard72 M.,1
"M. @imPenny2x,",1
"@imPenny2x, how",1
how is,1
a hammer,2
hammer (a,1
(a hand,1
hand tool),1
tool) like,1
like an,1
an #LLM?,1
#LLM? You,1
You can,1
can actually,1
actually hurt,1
hurt yourself,1
yourself using,1
"a hammer,",1
"hammer, you",1
you know.,1
know. It,1
It requires,1
requires skill,1
skill to,1
use a,1
hammer and,1
and not,1
not everyone,1
everyone can,1
can do,1
do it,1
it properly.,1
properly. Hammering,1
Hammering nails,1
nails is,1
is something,1
something you,1
you don't,1
don't know,1
know how,1
"to do,",1
"do, Penny",1
Penny (i.e.,1
(i.e. it's,1
it's hard,1
hard work.),1
work.) ~Chara,1
English is,1
is the,1
new programming,1
programming language!!!,1
language!!! #PromptEngineering,1
#PromptEngineering #AutonomousCoding,1
#AutonomousCoding #CoPilot,1
#CoPilot #AI,1
#LLM https://t.co/oIucDy62PI,1
ğŸŸ£ KAIST,1
KAIST and,1
and DeepAuto,1
DeepAuto #AI,1
#AI Researchers,1
Researchers Propose,1
Propose InfiniteHiP:,1
InfiniteHiP: A,1
A Game-Changing,1
Game-Changing Long-Context,1
Long-Context #LLM,1
#LLM Framework,1
Framework for,1
for 3M-Token,1
3M-Token Inference,1
Inference on,1
on a,1
a Single,1
Single GPU,1
GPU Read,1
Read more,1
more ğŸ‘‡ğŸ‘‡,1
ğŸ‘‡ğŸ‘‡ https://t.co/IswWOQY2VP,1
https://t.co/IswWOQY2VP https://t.co/gtZwSgbcBS,1
Koel-TTS from,1
from NVIDIA,1
NVIDIA tackles,1
tackles LLM,1
LLM speech,1
speech hallucinations,1
hallucinations using,1
using preference,1
preference alignment,1
alignment +,1
+ classifier-free,1
classifier-free guidance.,1
guidance. Achieves,1
Achieves SOTA,1
SOTA intelligibility,1
intelligibility (0.51%,1
(0.51% CER),1
CER) with,1
with less,1
less training,1
training data.,1
data. https://t.co/CiJgHzHDB4,1
https://t.co/CiJgHzHDB4 #SpeechAI,1
#SpeechAI #LLM,1
#LLM #TTS,1
#TTS https://t.co/1dICzpACD2,1
New Blog:,1
Blog: Challenging,1
Challenging the,1
the Hype:,1
Hype: Why,1
Why AIâ€™s,1
AIâ€™s Path,1
Path to,1
to General,1
General Intelligence,1
Intelligence Needs,1
Needs a,1
a Rethink,1
Rethink -,1
- Part,1
Part One,1
One Read,1
Read our,1
our Blog:,1
Blog: https://t.co/CxKhU8Mn5l,1
https://t.co/CxKhU8Mn5l #AISecurity,1
#AISecurity #AIThirdParty,1
#AIThirdParty #AICompliance,1
#AICompliance #LLM,1
#LLM #AGI,1
#AGI #AIForGood,1
#AIForGood https://t.co/Smayl7mC9v,1
ğŸ“šâœ¨ Successful,1
Successful Pre-Synopsis,1
Pre-Synopsis Submission,2
Submission at,1
at CPJ,1
CPJ Campus!,1
Campus! âœ¨ğŸ“š,1
âœ¨ğŸ“š On,1
On 17th,1
17th February,1
"February 2025,",1
"2025, CPJ",1
CPJ College,1
College proudly,1
proudly conducted,1
conducted the,1
the Pre-Synopsis,1
Submission for,1
for our,1
our LL.M.,1
"LL.M. students,",1
"students, featuring",1
featuring the,1
the esteemed,1
esteemed Dr.,1
Dr. Anuj,1
Anuj Kumar,1
"Kumar Vaksha,",1
"Vaksha, Professor",1
Professor at,1
at GGSIPU.,1
GGSIPU. #LLM,1
#LLM #ResearchDevelopment,1
#ResearchDevelopment #CPJCampus,1
#CPJCampus https://t.co/mMKGHl89AE,1
@VadimYuryev @VadimYuryev,1
@VadimYuryev Great,1
Great Video:,1
Video: your,1
your enthusiasm,1
enthusiasm is,1
"is infectious,",1
"infectious, i",1
i am,1
am seeing,1
seeing the,1
the brilliance,1
brilliance of,1
of Ã†,1
Ã† #UNIFIEDMEMORY,1
#UNIFIEDMEMORY pool,1
pool as,1
as opposed,1
opposed to,1
to separate,1
separate hardware,1
hardware for,1
for the,1
the CPU,1
CPU &amp;,1
&amp; GPU,1
GPU tasks.,1
tasks. To,1
To be,1
be able,1
able to,1
to run,1
run an,1
an independent,1
independent #LLM,1
#LLM on,1
on hardware,1
hardware which,1
which requires,1
requires 20+W,1
20+W &amp;,1
&amp; fits,1
fits in,1
in your,1
your palm.,1
palm. https://t.co/AgN2PDpp9Z,1
https://t.co/AgN2PDpp9Z https://t.co/lN6CIkvN7W,1
"At NVIDIA,",1
"NVIDIA, our",1
our collaboration,1
collaboration with,1
with @tech_mahindra,1
@tech_mahindra has,1
has been,1
been a,1
a testament,1
testament to,1
to generative,1
generative AI,1
"AI innovation,",1
"innovation, pioneering",1
pioneering first,1
first dialect,1
dialect based,1
based Hindi,1
Hindi #LLM,1
#LLM Nemotron-4-Mini-Hindi-4B,1
Nemotron-4-Mini-Hindi-4B model,1
model using,1
using NVIDIA's,1
NVIDIA's stack.,1
stack. Watch,1
Watch the,1
the video.,1
video. https://t.co/avkW63LdMM,1
https://t.co/avkW63LdMM https://t.co/6IOG9J3aiv,1
ğŸš€ #SQL,1
#SQL Measures?,1
Measures? In,1
In #BI?!,1
#BI?! ğŸ˜¯,1
ğŸ˜¯ Timbr's,1
Timbr's Semantic,1
Semantic Metric,1
Metric Store,1
Store makes,1
makes metrics,1
metrics simple.,1
simple. âœ¨,1
âœ¨ No,1
"No joins,",1
"joins, no",1
no redundant,1
redundant calculations!,1
calculations! ğŸ”,1
"ğŸ” Reusable,",1
"Reusable, consistent",1
consistent metrics,1
metrics across,1
across tools,1
tools âš¡ï¸,1
âš¡ï¸ 90%,1
90% faster,1
faster dashboard,1
dashboard delivery,1
delivery ğŸ¤–,1
ğŸ¤– #LLM,1
#LLM integration,1
integration for,1
for accurate,1
accurate insights,1
insights ğŸ‘‰,1
ğŸ‘‰ https://t.co/u5Y5rjEpKU,1
The #Delegated,1
#Delegated #Chain,1
#Chain o,1
o #Thought,1
#Thought #Architecture.,1
#Architecture. #DCoT,1
#DCoT #architecture,1
#architecture #decouples,1
#decouples #reasoning,1
#reasoning from,1
from #execution,1
#execution in,1
in #LLM,1
#LLM by,1
by #centralizing,1
#centralizing reasoning,1
reasoning in,1
"in ""#modulith""",1
"""#modulith"" n",1
n #delegating,1
#delegating execution,1
execution #tasks,1
#tasks 2,1
2 #specialized,1
#specialized #modulesğŸ¤–,1
#modulesğŸ¤– #ReAct,1
#ReAct #Toolformer,1
#Toolformer #AIğŸ‘¾,1
#AIğŸ‘¾ #Tek_nikel54ğŸ¤–,1
#Tek_nikel54ğŸ¤– https://t.co/zioBP23Mlp,1
https://t.co/zioBP23Mlp https://t.co/p0gA3UjZG6,1
https://t.co/gOsgK4BPyv Â»Thinking,1
Â»Thinking Machine,1
Machine Labs,1
Labs is,1
is ex-OpenAI,1
ex-OpenAI CTO,1
CTO Mira,1
Mira Muratiâ€™s,1
Muratiâ€™s new,1
new startupÂ«,1
startupÂ« https://t.co/iCfcYfH3Bs,1
https://t.co/iCfcYfH3Bs #AIagent,1
Not all,1
all shipments,1
shipments are,1
are created,1
created equal!,1
equal! ğŸš—ğŸ’¡,1
ğŸš—ğŸ’¡ Our,1
Our AI-powered,1
AI-powered priority,1
priority system,1
system flags,1
flags high-priority,1
high-priority orders,1
orders based,1
based on,1
"on urgency,",1
"urgency, deadlines,",1
"deadlines, and",1
and complexityâ€”ensuring,1
complexityâ€”ensuring they,1
they move,1
move seamlessly,1
seamlessly through,1
the system.,1
system. #shipcarssmarter,1
#shipcarssmarter https://t.co/vibstQyrdI,1
https://t.co/vibstQyrdI #carshipping,1
#carshipping #ai,1
#llm #automotivelogistics,1
#automotivelogistics https://t.co/vdNi1rWakc,1
@elonmusk @charliekirk11,1
@charliekirk11 @TeamTrump,1
@TeamTrump @X,1
@X @DOGE,1
@DOGE @imPenny2x,1
@imPenny2x @WholeMarsBlog,2
@WholeMarsBlog @natemcgrady,1
@natemcgrady @GOP,1
@GOP @RonaldReagan,1
@RonaldReagan @jpodhoretz,1
@jpodhoretz @p_m_robinson,1
@p_m_robinson @DavidLimbaugh,1
@DavidLimbaugh @JohnStossel,1
@JohnStossel @shaunmmaguire,1
@shaunmmaguire @lexfridman,1
@lexfridman @pegobry_en,1
@pegobry_en @TheRabbitHole84,1
@TheRabbitHole84 @charlesmurray,1
@charlesmurray I,1
I had,1
had roaring,1
roaring intellectual,1
"intellectual arguments,",1
"arguments, ""dialectic""",1
"""dialectic"" arguments",1
arguments that,1
that would,1
would cause,1
cause M.,1
M. @ConceptualJames,1
@ConceptualJames or,1
or M.,2
M. @curtis_yarvin,1
@curtis_yarvin or,1
M. @realchrisrufo,1
@realchrisrufo to,1
to faint,1
faint dead,1
dead away,1
away (then,1
(then they'd,1
they'd revive,1
revive and,1
and fart,1
fart out,1
out ten,1
ten #LLM,1
#LLM books,1
books on,1
the teensy,1
teensy little,1
little taste,1
taste they,1
they had),1
had) with,1
a Marxist,1
Marxist Chilean,1
Chilean exile.,1
exile. ~Chara,1
If your,1
your AI,2
model isnâ€™t,1
isnâ€™t giving,1
giving you,1
you the,1
"right answers,",1
"answers, the",1
the problem,1
problem might,1
might not,1
not be,1
be the,1
the modelâ€”it,1
modelâ€”it might,1
might be,1
be how,1
how youâ€™re,1
youâ€™re using,1
using it.,1
it. #Deepseek,1
#Deepseek #LLM,1
#MachineLearning #NaturalLanguageProcessing,1
#NaturalLanguageProcessing https://t.co/pWMtfXzXad,1
The Next,1
Next Frontier,1
Frontier in,1
in AI:,1
AI: Consumer-Centric,1
Consumer-Centric Applications,1
Applications for,1
for Real-World,1
Real-World Impact,1
Impact https://t.co/Lmw2I3NSsC,1
https://t.co/Lmw2I3NSsC #AI,1
#AI #LLM...,1
#LLM... Like,1
Like and,1
and Follow,1
Follow for,1
for more,1
more QuantumBytz,1
QuantumBytz updates!,1
updates! Subscribe,1
Subscribe to,1
to our,1
our Telegram,1
Telegram channel,1
channel @quantumbytz.,1
AI tools,1
tools can,1
can refine,1
refine your,1
your LLM,1
LLM personal,1
"personal statement,",1
"statement, but",1
but rememberâ€”authenticity,1
rememberâ€”authenticity is,1
is key.,1
key. Admissions,1
Admissions teams,1
teams want,1
want YOUR,1
"YOUR voice,",1
"voice, not",1
not a,1
a generic,1
generic response.,1
response. Use,1
Use AI,1
AI ethically,1
ethically and,1
and stay,2
stay true,1
true to,1
to your,1
your story.,1
story. #LLMGuide,1
#LLMGuide #LLM,1
#LLM #LegalEducation,1
#LegalEducation #LLMStatement,1
#LLMStatement https://t.co/XUOMfzzCB6,1
ğŸš€Can your,1
your language,1
language model,1
model think,1
think strategically?,1
strategically? ğŸ§ ,1
ğŸ§  SMART:,1
SMART: Boosting,1
Boosting LM,1
LM self-awareness,1
self-awareness to,1
to reduce,1
reduce Tool,1
Tool Overuse,1
Overuse &amp;,1
&amp; optimize,1
optimize reasoning!,1
reasoning! ğŸŒ,1
ğŸŒ https://t.co/zJQM7GcEFd,1
https://t.co/zJQM7GcEFd ğŸ“Š,1
ğŸ“Š https://t.co/oeogaduCLB,1
https://t.co/oeogaduCLB Smaller,1
"Smaller models,",1
"models, bigger",1
bigger brains.,1
brains. Smarter,1
Smarter tool,1
"tool use,",1
"use, better",1
better results!,1
results! ğŸ”¥,1
ğŸ”¥ #AI,1
#LLM https://t.co/KKsVgA8ViY,1
Unlock #LLM,1
inference with,1
with auto-scaling,1
auto-scaling on,1
on @AWS,1
@AWS EKS,1
EKS âœ¨,1
âœ¨ âœ…,1
âœ… Set,1
Set up,1
up EFA,1
EFA networking,1
networking &amp;,1
&amp; EFS,1
EFS storage,1
storage with,1
with NVLink-connected,1
NVLink-connected H100,1
H100 GPUs,1
GPUs on,1
on P5.48xlarge,1
P5.48xlarge âœ…,1
âœ… Deploy,1
Deploy multi-node,1
multi-node Triton,1
Triton Inference,1
Inference Server,1
Server +,1
+ TRT-LLM,1
TRT-LLM to,1
to scale,1
scale LLaMa,1
LLaMa 3.1,1
3.1 405B,1
405B models,1
models âœ…,1
âœ… Use,1
Use LeaderWorkerSet,1
LeaderWorkerSet &amp;,1
&amp; Prometheus,1
Prometheus metrics,1
metrics forâ€¦,1
forâ€¦ https://t.co/cVYXJaESIV,1
https://t.co/cVYXJaESIV https://t.co/LnDKbMk3Xd,1
Will software,1
software developers,1
developers soon,1
soon lose,1
lose their,1
their jobs,1
jobs to,1
to AI?,1
AI? Itâ€™s,1
Itâ€™s not,1
not the,1
the end,1
end of,2
of programming,1
programming but,1
but â€œthe,1
â€œthe end,1
of programmingâ€https://t.co/ohx49e6COe,1
programmingâ€https://t.co/ohx49e6COe #AI,1
#AI #datascience,1
#datascience #machinelearning,1
#machinelearning #LLM,1
#LLM #code,1
#code #coding,1
Free Course:,1
Course: Agentic,1
AI Essentials,1
Essentials for,1
for Managers,1
Managers &amp;,1
&amp; Professionals,1
Professionals ğŸ’¼,1
ğŸ’¼ ğŸ‘¨â€ğŸ’¼,1
ğŸ‘¨â€ğŸ’¼ Empower,1
Empower your,1
"your team,",1
"team, gain",1
gain actionable,1
"actionable insights,",1
"insights, and",1
stay ahead,2
ahead in,1
the AI-powered,1
AI-powered world!,1
world! ğŸ‘‰,1
ğŸ‘‰ Join,1
Join Now:,1
Now: https://t.co/4GDwi20CA9,1
https://t.co/4GDwi20CA9 #FreeCourse,1
#FreeCourse #AIForBusiness,1
#AIForBusiness #LLM,1
#LLM #Managers,1
#Managers #Innovation,1
#Innovation #AILeadership,1
AI is,1
is transforming,1
transforming the,1
the way,1
way we,1
we workâ€”but,1
workâ€”but itâ€™s,1
itâ€™s also,1
also reshaping,1
reshaping the,1
the threat,1
threat landscape.,1
landscape. Evolving,1
Evolving Solutions,1
Solutions is,1
is here,1
here to,1
to help,1
help you,2
you stay,1
ahead of,1
of the,1
the threats.,1
threats. Read,1
Read the,2
the 5,1
5 Must-Know,1
Must-Know Insights,1
Insights into,1
into the,1
the Evolving,1
Evolving 2025,1
2025 Security,1
Security Landscape:,1
Landscape: https://t.co/0jmAR5r38i,1
https://t.co/0jmAR5r38i #Cybersecurity,1
#Cybersecurity #AI,1
#LLM https://t.co/muJiXS2co3,1
New FrigidStealer,1
FrigidStealer Malware,1
Malware Targets,1
Targets macOS,1
macOS Users,1
Users via,1
via Fake,1
Fake Browser,1
Browser Updates,1
Updates https://t.co/2QAfAYRA5r,1
https://t.co/2QAfAYRA5r #llm,1
#llm #gpt,1
#gpt #ai,1
#ai #cybersecurity,1
#cybersecurity #malware,1
#malware #threatdetection,1
#threatdetection #genai,1
#genai #soc,1
#soc #cyberdefense,1
#cyberdefense #threatintel,1
#threatintel #threats,1
#threats #chatgpt,1
#chatgpt #gemini,1
#gemini #llama,1
#llama #nlp,1
#nlp #artificialintelligence,1
#artificialintelligence #digitaltransformation,1
#digitaltransformation https://t.co/mzttCPKBei,1
Ø£ÙˆÙ„ USB,1
USB ÙÙŠ,1
ÙÙŠ Ø§Ù„Ø¹Ø§Ù„Ù…,1
Ø§Ù„Ø¹Ø§Ù„Ù… ÙŠØ­Ù…Ù„,1
ÙŠØ­Ù…Ù„ Ù†Ù…ÙˆØ°Ø¬,1
Ù†Ù…ÙˆØ°Ø¬ Ù„ØºÙˆÙŠ,1
Ù„ØºÙˆÙŠ ÙƒØ¨ÙŠØ±!,1
ÙƒØ¨ÙŠØ±! ÙŠÙ…ÙƒÙ†Ùƒ,1
ÙŠÙ…ÙƒÙ†Ùƒ Ø§Ù„Ø¢Ù†,1
Ø§Ù„Ø¢Ù† ØªÙˆÙ„ÙŠØ¯,1
ØªÙˆÙ„ÙŠØ¯ Ù†ØµÙˆØµ,1
Ù†ØµÙˆØµ Ù…Ø¨Ø§Ø´Ø±Ø©,1
Ù…Ø¨Ø§Ø´Ø±Ø© Ù…Ù†,1
Ù…Ù† Ø§Ù„Ø°Ø§ÙƒØ±Ø©,1
Ø§Ù„Ø°Ø§ÙƒØ±Ø© Ø§Ù„ÙÙ„Ø§Ø´ÙŠØ©.,1
Ø§Ù„ÙÙ„Ø§Ø´ÙŠØ©. #LLM,1
#AI #USB,1
#USB #innovation,1
#innovation https://t.co/pf6RkbFlac,1
ğŸ’¡ Grok,1
Grok 3:,1
3: il,1
il nuovo,1
nuovo modello,1
modello AI,1
AI di,1
di xAI,1
xAI Ã¨,1
Ã¨ pronto,1
pronto a,1
a sfidare,1
sfidare OpenAI,1
OpenAI https://t.co/Fcq1kwvokG,1
https://t.co/Fcq1kwvokG #ai,1
#ai #blog,1
#blog #elonmusk,1
#elonmusk #gemini,1
#gemini #grok,1
#grok #ia,1
#ia #llm,1
#llm #news,1
#news #openai,1
#openai #picks,1
#picks #tech,1
#tech #tecnologia,1
#tecnologia #xai,1
#xai @elonmusk,1
@elonmusk @xai,1
@ephremishac introduces,1
introduces the,1
the first,1
first public,1
public Syriac,1
Syriac HTR,1
HTR model,1
model on,1
on @Transkribus,1
@Transkribus helping,1
helping make,1
make Syriac,1
Syriac manuscripts,1
manuscripts more,1
more accessible.,1
accessible. #digitalhumanities,1
#digitalhumanities #SyriacStudies,1
#SyriacStudies #history,1
#history #HTR,1
#HTR #Coding,1
#Coding #llm,1
#llm https://t.co/NjnbkaeVhw,1
Karpathy tested,1
tested Grok,1
Grok 3.,1
3. It,1
It matches,1
matches GPT,1
GPT in,1
in reasoning,1
reasoning tasks.,1
tasks. Solid,1
Solid progress,1
progress but,1
but still,1
still needs,1
needs work,1
work on,1
on humor.,1
humor. #AI,1
#LLM #Tech,1
#Tech https://t.co/vdUXv3QFQ5,1
Need to,1
to fine-tune,1
fine-tune a,1
a public,1
public LLM,1
LLM with,1
with your,1
your companyâ€™s,1
companyâ€™s data?,1
data? Speeding,1
Speeding these,1
these tasks,1
tasks can,1
can help,2
you build,1
build your,1
AI solution,1
solution sooner.,1
sooner. How,1
How @Dell,1
@Dell PowerEdge,1
PowerEdge R7615,1
R7615 servers,1
servers with,1
with @Broadcom,1
@Broadcom 100GbE,1
100GbE NICs,1
NICs can,1
help accelerate,1
accelerate the,1
the process:,1
process: https://t.co/svUw9TfV5Y,1
https://t.co/svUw9TfV5Y #AI,1
#LLM https://t.co/3sofhHVG7H,1
@elonmusk @imPenny2x,1
@WholeMarsBlog @ajtourville,1
@ajtourville @WallStreetMav,1
@WallStreetMav @themarketswork,1
@themarketswork @cb_doge,1
@cb_doge @mayemusk,1
@mayemusk @SawyerMerritt,1
@SawyerMerritt @WalterIsaacson,1
@WalterIsaacson @DogecoinNorway,1
@DogecoinNorway @AutismCapital,1
@AutismCapital @rpoo,1
@rpoo Sudden,1
Sudden rises,1
rises in,1
in #stocks,1
#stocks or,1
or #cryptocurrencies,1
#cryptocurrencies are,1
are easily,1
easily publicizedâ€”the,1
publicizedâ€”the process,1
process must,1
must surely,1
surely be,1
be almost,1
almost automatic,1
"automatic now,",1
"now, even",1
even without,1
without the,1
"the ""help""",1
"""help"" of",1
of @OpenAI,1
@OpenAI or,1
or @grok,1
@grok or,1
or some,1
some other,1
other #LLM,1
#LLM slush,1
slush generator,1
generator to,1
to crank,1
crank out,1
out #news,1
#news #content,1
#content according,1
according to,1
to simple,1
"simple formulae,",1
"formulae, e.g.",1
e.g. #StockMarket,1
#StockMarket spikes.,1
Our latest,1
latest #AI,1
#AI &amp;,1
&amp; #DataEngineering,1
#DataEngineering case,1
case study,1
study showcases,1
showcases how,1
we helped,1
helped a,1
a financial,1
financial company,1
company enhance,1
enhance data,1
data extraction,1
extraction accuracy,1
accuracy and,1
and scalability,1
scalability using,1
using cutting-edge,1
cutting-edge #LLM,1
#LLM optimization,1
optimization and,1
and #AzureAI.,1
#AzureAI. Read,1
the full,1
full Case:https://t.co/AIox48m41j,1
Case:https://t.co/AIox48m41j Get,1
Get a,1
a quote,1
quote today:,1
today: https://t.co/6wGoAURQVt,1
https://t.co/6wGoAURQVt https://t.co/MWsQpuSNay,1
