Bigram,Probability
Dobby: The,0.5
The best,0.125
best LLM,1.0
"LLM personality,",0.1111111111111111
"personality, outperforming",1.0
outperforming SOTA,1.0
SOTA models.,0.5
models. Compare,0.5
Compare with,1.0
with Llama,0.05555555555555555
Llama 70B:,1.0
70B: https://t.co/lcFI4d7mhX,1.0
https://t.co/lcFI4d7mhX #AI,1.0
#AI #LLM,0.3111111111111111
#LLM for,0.012345679012345678
for a,0.05555555555555555
a couple,0.02857142857142857
couple of,1.0
of seconds,0.047619047619047616
seconds Dobby:,1.0
Dobby: the,0.5
the ultimate,0.021739130434782608
ultimate LLM,1.0
LLM personalityâ€”outshining,0.1111111111111111
personalityâ€”outshining SOTA.,1.0
"SOTA. Thanks,",1.0
"Thanks, @confident_ai.",1.0
@confident_ai. Compare:,1.0
Compare: https://t.co/lcFI4d7mhX,1.0
#LLM @SentientAGI,0.012345679012345678
sn-news: #open,1.0
#open #ai,1.0
#ai #ml,0.1
#ml #llm,1.0
#llm Researchers,0.07692307692307693
Researchers open,0.5
open source,1.0
"source Sky-T1,",0.5
"Sky-T1, a",1.0
a â€˜reasoningâ€™,0.02857142857142857
â€˜reasoningâ€™ AI,1.0
AI model,0.08
model that,0.16666666666666666
that can,0.09090909090909091
can be,0.09090909090909091
be trained,0.1111111111111111
trained for,0.3333333333333333
for less,0.05555555555555555
less than,0.5
than $450,0.3333333333333333
$450 https://t.co/0SpdH3rCVY,1.0
Introducing Root,1.0
"Root Judge,",1.0
"Judge, a",1.0
a powerful,0.02857142857142857
powerful mid-sized,0.5
mid-sized LLM,1.0
LLM that,0.1111111111111111
that enables,0.09090909090909091
enables reliable,1.0
reliable and,0.5
and customizable,0.034482758620689655
customizable LLM,1.0
LLM system,0.1111111111111111
system evaluations.,0.3333333333333333
evaluations. Trained,1.0
Trained on,1.0
on 384,0.045454545454545456
384 AMD,1.0
AMD Radeon,1.0
Radeon Instinctâ„¢,1.0
Instinctâ„¢ MI250X,1.0
MI250X GPUs,1.0
GPUs using,0.5
using the,0.08333333333333333
the LUMI,0.021739130434782608
LUMI Supercomputer.,1.0
Supercomputer. #LLM,1.0
#LLM #LLMs,0.012345679012345678
#LLMs #evaluation,1.0
#evaluation #llm_as_a_judge,1.0
#llm_as_a_judge #llama,1.0
#llama @RootSignals,0.5
@RootSignals Check:,1.0
Check: https://t.co/VBiCck3jM8,1.0
https://t.co/VBiCck3jM8 https://t.co/UhOXzSwjD5,1.0
El lado,1.0
lado del,1.0
del mal,1.0
mal -,1.0
- Perplexity,0.07142857142857142
Perplexity Pro,1.0
Pro Deep,1.0
Deep Research:,1.0
Research: Gratis,1.0
Gratis para,1.0
para todos,1.0
todos los,1.0
los clientes,1.0
clientes de,1.0
de Movistar,1.0
Movistar https://t.co/g6UjCKsysq,1.0
https://t.co/g6UjCKsysq #Perplexity,1.0
#Perplexity #Movistar,1.0
#Movistar #TelefÃ³nica,1.0
#TelefÃ³nica #IA,1.0
#IA #AI,0.5
#AI #GenAI,0.044444444444444446
#GenAI #LLM,0.25
#LLM #DeepResearch,0.012345679012345678
#DeepResearch https://t.co/ATuoABm6wk,1.0
ã€ŒOn Context,1.0
Context Utilization,1.0
Utilization in,1.0
in Summarization,0.043478260869565216
Summarization with,1.0
with Large,0.05555555555555555
Large Language,1.0
Language Modelsã€,0.3333333333333333
Modelsã€ LLMã¯100kãƒˆãƒ¼ã‚¯ãƒ³ã‚’è¶…ãˆã‚‹ã‚ˆã†ãªé•·ã„å…¥åŠ›ã‚³ãƒ³ãƒ†ã‚­ã‚¹ãƒˆã‚’æ‰±ãˆã‚‹ã‚ˆã†ã«ãªã£ãŸãŒã€è³ªå•å¿œç­”ã§ã¯ã€è¨€èªãƒ¢ãƒ‡ãƒ«ã¯å…¥åŠ›ã‚³ãƒ³ãƒ†ã‚­ã‚¹ãƒˆã®æ´»ç”¨ã«ã°ã‚‰ã¤ããŒã‚ã‚‹ã€‚,1.0
LLMã¯100kãƒˆãƒ¼ã‚¯ãƒ³ã‚’è¶…ãˆã‚‹ã‚ˆã†ãªé•·ã„å…¥åŠ›ã‚³ãƒ³ãƒ†ã‚­ã‚¹ãƒˆã‚’æ‰±ãˆã‚‹ã‚ˆã†ã«ãªã£ãŸãŒã€è³ªå•å¿œç­”ã§ã¯ã€è¨€èªãƒ¢ãƒ‡ãƒ«ã¯å…¥åŠ›ã‚³ãƒ³ãƒ†ã‚­ã‚¹ãƒˆã®æ´»ç”¨ã«ã°ã‚‰ã¤ããŒã‚ã‚‹ã€‚ https://t.co/DY1ZLXL64O,1.0
https://t.co/DY1ZLXL64O #è«–æ–‡,1.0
#è«–æ–‡ #LLM,0.3333333333333333
#LLM #ã‚¨ãƒ³ã‚¸ãƒ‹ã‚¢,0.012345679012345678
#ã‚¨ãƒ³ã‚¸ãƒ‹ã‚¢ #ã‚¹ã‚¿ãƒ¼ãƒˆã‚¢ãƒƒãƒ—,1.0
The Attention,0.125
Attention Mechanism,0.5
Mechanism That,1.0
That Skips,1.0
Skips the,1.0
the Chit-Chat!!ğŸš‹,0.021739130434782608
Chit-Chat!!ğŸš‹ ğŸ‘‰https://t.co/4tYbRSkIYF,1.0
ğŸ‘‰https://t.co/4tYbRSkIYF #DeepSeek,1.0
#DeepSeek #attention,1.0
#attention #llm,1.0
#llm DeepSeek,0.07692307692307693
DeepSeek dropped,0.5
dropped a,1.0
a new,0.05714285714285714
new paperâ€”Natively,0.2
paperâ€”Natively trainable,1.0
trainable Sparse,1.0
Sparse Attention,1.0
"Attention (NSA),",0.5
"(NSA), a",1.0
new sparse,0.2
sparse attention,1.0
attention mechanism,1.0
mechanism that,1.0
that integrates,0.09090909090909091
integrates hardware-optimized,1.0
hardware-optimized design,1.0
design with,1.0
with a,0.1111111111111111
a hierarchical,0.02857142857142857
hierarchical sparseâ€¦,1.0
sparseâ€¦ https://t.co/4dCxmRtttH,1.0
https://t.co/4dCxmRtttH https://t.co/JHNHhCc2IK,1.0
DeepSeek in,0.5
in my,0.043478260869565216
my Engineerâ€™s,1.0
Engineerâ€™s Eyes,1.0
Eyes @rsstabs,1.0
@rsstabs https://t.co/b8gvrByaiq,1.0
https://t.co/b8gvrByaiq #llm-applications,1.0
#llm-applications #genai,1.0
#genai #deepseek,0.3333333333333333
#deepseek #generative-ai-tools,1.0
#generative-ai-tools #machine-learning,1.0
Qwen #LLM,1.0
#LLM ...,0.012345679012345678
... What,1.0
What it,0.3333333333333333
it really,0.2
really means,1.0
means https://t.co/FchthtRpey,1.0
SGPT-3.0 #LLM,1.0
#LLM #Grok3,0.037037037037037035
#Grok3 #SGPT,0.5
#SGPT https://t.co/16zam6f49j,0.5
https://t.co/16zam6f49j https://t.co/aVTfKGkI7F,1.0
This domain,0.25
domain name,1.0
name is,0.5
is for,0.041666666666666664
for sale.,0.05555555555555555
sale. https://t.co/kh2NrPtLSy,1.0
https://t.co/kh2NrPtLSy #ai,1.0
#ai #jais,0.1
#jais #LLM,1.0
#LLM #domain,0.012345679012345678
#domain #GPT,1.0
#GPT #Arab,0.5
#Arab #Arabic,1.0
#Arabic #Dubai,1.0
#Dubai #ABUDhabi,1.0
#ABUDhabi @AI_Arabic1,1.0
@AI_Arabic1 @Algorand_Arabic,1.0
@Algorand_Arabic #Domains,1.0
#Domains #domainsales,1.0
#domainsales #jaisai,1.0
#jaisai #DomainNameForSae,1.0
#DomainNameForSae #chatbot,1.0
#chatbot @G42ai,1.0
@G42ai @core42_ai,1.0
@core42_ai @Inception_AI,1.0
@Inception_AI https://t.co/kJHm8ZOqho,1.0
W&amp;Bã€LLMé–‹ç™ºã®å¼·åŠ›ãªå‘³æ–¹ï¼å®Ÿé¨“ç®¡ç†ã€ãƒã‚¤ãƒ‘ãƒ¼ãƒ‘ãƒ©ãƒ¡ãƒ¼ã‚¿èª¿æ•´ã€ãƒ¢ãƒ‡ãƒ«è©•ä¾¡ãŒç°¡å˜ã€‚ãƒ€ãƒƒã‚·ãƒ¥ãƒœãƒ¼ãƒ‰ã§é€²æ—æŠŠæ¡ã€ãƒãƒ¼ãƒ å…±æœ‰ã‚‚â—ã€‚Tracesæ©Ÿèƒ½ã§ãƒ‡ãƒãƒƒã‚°åŠ¹ç‡UPã€‚åŸºç›¤ãƒ¢ãƒ‡ãƒ«æ§‹ç¯‰ã€ãƒ•ã‚¡ã‚¤ãƒ³ãƒãƒ¥ãƒ¼ãƒ‹ãƒ³ã‚°ã€ã‚¢ãƒ—ãƒªé–‹ç™ºã«æœ€é©ã€‚ä»Šå¾Œã¯CI/CDè‡ªå‹•åŒ–ã‚‚æ´»ç”¨äºˆå®šã€‚#WeightsAndBiases #LLM,1.0
#LLM #AI,0.07407407407407407
ğŸ«µ https://t.co/gOsgK4BPyv,1.0
https://t.co/gOsgK4BPyv Â»Like,0.2
Â»Like human,1.0
"human brains,",0.25
"brains, large",1.0
large language,1.0
language models,0.5
models reason,0.5
reason about,1.0
about diverse,0.3333333333333333
diverse data,1.0
data in,0.2
in a,0.043478260869565216
a general,0.02857142857142857
general wayÂ«,1.0
wayÂ« https://t.co/XJlMNzcaRX,1.0
https://t.co/XJlMNzcaRX #AIagent,1.0
#AIagent #AI,1.0
#AI #ML,0.1111111111111111
#ML #NLP,0.8333333333333334
#NLP #LLM,0.6
#LLM #GenAI,0.07407407407407407
https://t.co/gOsgK4BPyv Â»MIT,0.2
Â»MIT spinout,1.0
spinout maps,1.0
maps the,1.0
the bodyâ€™s,0.021739130434782608
bodyâ€™s metabolites,1.0
metabolites to,1.0
to uncover,0.02857142857142857
uncover the,1.0
the hidden,0.021739130434782608
hidden drivers,1.0
drivers of,1.0
of diseaseÂ«,0.047619047619047616
diseaseÂ« https://t.co/141LyhjiZ0,1.0
https://t.co/141LyhjiZ0 #AIagent,1.0
"Agent AI,",1.0
"AI, ktÃ³ry",1.0
ktÃ³ry sam,1.0
sam podejmuje,1.0
podejmuje decyzje,1.0
decyzje za,1.0
za Ciebie!,1.0
Ciebie! Jak,1.0
Jak to,1.0
to dziaÅ‚a,0.02857142857142857
dziaÅ‚a w,1.0
w praktyce?,1.0
praktyce? ğŸ˜±,1.0
"ğŸ˜± Wbijaj,",1.0
"Wbijaj, Å¼eby",1.0
Å¼eby odsÅ‚uchaÄ‡,1.0
odsÅ‚uchaÄ‡ odcinek,1.0
odcinek z,1.0
z @_overment,1.0
@_overment na:,1.0
na: ğŸ”´,1.0
ğŸ”´ YouTube:,1.0
YouTube: https://t.co/UKPeCY7CoO,1.0
https://t.co/UKPeCY7CoO #ai,1.0
#ai #sztucznainteligencja,0.1
#sztucznainteligencja #llm,1.0
#llm https://t.co/UH2sZbHqGy,0.07692307692307693
Need web/mobile,0.5
web/mobile clients,1.0
clients to,1.0
to hit,0.02857142857142857
hit #LLM,1.0
#LLM inference,0.024691358024691357
inference APIs,0.3333333333333333
"APIs directly,",1.0
"directly, but",1.0
but providers,0.2
providers don't,1.0
don't offer,0.5
offer an,1.0
an API,0.1
API where,0.25
where a,0.5
a server,0.02857142857142857
server can,0.5
can acquire,0.09090909090909091
acquire an,1.0
an ephemeral,0.1
ephemeral API,1.0
API key,0.25
key that,0.5
that expires,0.09090909090909091
expires in,1.0
in 15,0.043478260869565216
15 mins,1.0
mins or,1.0
or less.,0.16666666666666666
less. I,1.0
I shouldn't,0.16666666666666666
shouldn't need,1.0
need to,1.0
to write,0.02857142857142857
write up,1.0
up a,0.3333333333333333
a proxy,0.02857142857142857
proxy for,1.0
for this,0.05555555555555555
this need.,0.125
need. /cc,1.0
/cc @OpenAI,1.0
@OpenAI @GoogleCloudTech,0.5
@GoogleCloudTech @GroqInc,1.0
@GroqInc @Azure,1.0
@Azure @ollama,1.0
How to,0.3333333333333333
to grade,0.02857142857142857
grade LLMs?,1.0
LLMs? 5,0.5
5 essential,0.3333333333333333
essential metrics:,1.0
metrics: 1ï¸âƒ£,1.0
1ï¸âƒ£ Perplexity:,0.5
Perplexity: Measures,1.0
Measures uncertainty.,1.0
uncertainty. 2ï¸âƒ£,1.0
2ï¸âƒ£ BLEU:,0.5
BLEU: Compares,1.0
Compares to,1.0
to reference.,0.02857142857142857
reference. 3ï¸âƒ£,1.0
3ï¸âƒ£ ROUGE:,0.5
ROUGE: Evaluates,1.0
Evaluates summarization.,1.0
summarization. 4ï¸âƒ£,1.0
4ï¸âƒ£ Humans:,0.5
Humans: Expert,1.0
Expert judgment.,1.0
judgment. 5ï¸âƒ£,1.0
5ï¸âƒ£ Task,0.5
Task Specific:,1.0
Specific: Goal,1.0
Goal performance.,1.0
performance. #LLM,1.0
#LLM #Evaluation,0.012345679012345678
#Evaluation #Metrics,1.0
Agentic AI,1.0
AI Layers,0.04
Layers Source:@brijpandeyji,1.0
Source:@brijpandeyji #GenerativeAI,1.0
#GenerativeAI #GenAI,0.3333333333333333
#LLM #LargeLanguageModel,0.012345679012345678
#LargeLanguageModel #DataScience,1.0
#DataScience #AI,0.5
#AI #NaturalLanguageProcessing,0.022222222222222223
#NaturalLanguageProcessing #data,0.5
#data #DataScience,0.5
#DataScience #BigData,0.5
#BigData #datascientist,1.0
#datascientist #dataanalytics,1.0
#dataanalytics #datamanagement,1.0
#datamanagement #datamining,1.0
#datamining #dataengineer,1.0
#dataengineer #agenticai,1.0
#agenticai #ArtificialIntelligence,1.0
#ArtificialIntelligence #MachineLearning,0.5
#MachineLearning https://t.co/ku5zhPTm7w,0.14285714285714285
Today's the,1.0
the day!ğŸš€Join,0.021739130434782608
day!ğŸš€Join #openEuler,1.0
#openEuler and,1.0
and researchers,0.034482758620689655
researchers from,0.5
"from @uniofedinburgh,",0.125
"@uniofedinburgh, and",1.0
"and @PKU1898,",0.034482758620689655
"@PKU1898, for",1.0
for an,0.05555555555555555
an insightful,0.1
insightful workshop,1.0
workshop on,1.0
on the,0.09090909090909091
the future,0.021739130434782608
future of,0.5
"of #operatingsystems,",0.047619047619047616
"#operatingsystems, #heterogeneous",1.0
"#heterogeneous systems,",1.0
"systems, #LLM,",1.0
"#LLM, and",0.5
and cutting-edge,0.034482758620689655
cutting-edge techs.,0.5
techs. Register,1.0
Register now:,1.0
now: https://t.co/9C0T43j1FO,1.0
https://t.co/9C0T43j1FO #opensource,1.0
#opensource #OS,0.5
#OS https://t.co/9Sck0taXKo,1.0
An #AI,1.0
#AI that,0.022222222222222223
that speaks,0.09090909090909091
speaks your,1.0
"your language,",0.07142857142857142
"language, understands",1.0
understands your,1.0
"your data,",0.07142857142857142
"data, and",1.0
and delivers,0.034482758620689655
"delivers relevant,",1.0
"relevant, reliable",1.0
reliable insights.,0.5
insights. ğŸ¤–ğŸ’­,0.3333333333333333
ğŸ¤–ğŸ’­ -,1.0
- the,0.21428571428571427
the power,0.021739130434782608
power of,1.0
of Tailor-Made,0.047619047619047616
Tailor-Made Local,1.0
Local #LLM,1.0
#LLM with,0.012345679012345678
with @RedHat,0.05555555555555555
@RedHat Â®,1.0
Â® AI,1.0
AI We,0.04
We build,1.0
build a,0.5
a model,0.02857142857142857
that works,0.09090909090909091
works for,1.0
"for you,",0.05555555555555555
"you, without",1.0
without settling,0.5
settling on,1.0
on generic,0.045454545454545456
generic #AI.,0.5
#AI. #LocalLLM,1.0
#LocalLLM #hallucination,1.0
#hallucination #GenAI,1.0
#GenAI https://t.co/KrHGVMA1Ye,0.08333333333333333
ğŸ“¢ Claude,1.0
Claude 3.5,0.5
3.5 Sonnet,1.0
Sonnet Just,1.0
Just Dropped!,1.0
Dropped! ğŸš€,1.0
ğŸš€ ğŸ”¹,0.16666666666666666
ğŸ”¹ 2x,1.0
2x faster,1.0
faster than,0.5
than Claude,0.3333333333333333
Claude 3,0.5
3 Opus,0.5
Opus âš¡,1.0
âš¡ Beats,0.5
Beats GPT-4o,1.0
GPT-4o in,1.0
in benchmarks,0.043478260869565216
benchmarks ğŸš€,0.5
ğŸš€ Free,0.3333333333333333
Free on,0.5
on https://t.co/CQ9dr5JJXp,0.045454545454545456
https://t.co/CQ9dr5JJXp &amp;,1.0
&amp; API,0.07692307692307693
API access,0.25
access â“,1.0
â“ Is,0.5
Is this,1.0
this the,0.125
the new,0.043478260869565216
new speed,0.2
speed king?,1.0
king? Source:,1.0
Source: TechCrunch,1.0
TechCrunch #AI,1.0
#LLM #Anthropic,0.012345679012345678
#SGPT https://t.co/MQTEGw2ixC,0.5
https://t.co/MQTEGw2ixC https://t.co/VfPKKUAoy1,1.0
Livebook ä¸Šã§æ—¥æœ¬èªãƒ†ã‚­ã‚¹ãƒˆåŸ‹ã‚è¾¼ã¿ãƒ¢ãƒ‡ãƒ«,1.0
ä¸Šã§æ—¥æœ¬èªãƒ†ã‚­ã‚¹ãƒˆåŸ‹ã‚è¾¼ã¿ãƒ¢ãƒ‡ãƒ« Ruri,1.0
Ruri ã«ã‚ˆã‚‹ãƒ†ã‚­ã‚¹ãƒˆæ¤œç´¢ã‚’å®Ÿè£…ã™ã‚‹ï¼ˆOllama,0.5
ã«ã‚ˆã‚‹ãƒ†ã‚­ã‚¹ãƒˆæ¤œç´¢ã‚’å®Ÿè£…ã™ã‚‹ï¼ˆOllama åˆ©ç”¨ï¼‰,1.0
åˆ©ç”¨ï¼‰ https://t.co/8cvyhAKGuF,1.0
https://t.co/8cvyhAKGuF #Qiita,1.0
#Qiita #MyElixirStatus,1.0
#MyElixirStatus #LLM,1.0
#LLM @nakaji573ã‚ˆã‚Š,0.024691358024691357
Ruri ã«ã‚ˆã‚‹ãƒ†ã‚­ã‚¹ãƒˆæ¤œç´¢ã‚’å®Ÿè£…ã™ã‚‹,0.5
ã«ã‚ˆã‚‹ãƒ†ã‚­ã‚¹ãƒˆæ¤œç´¢ã‚’å®Ÿè£…ã™ã‚‹ https://t.co/Mhd157atv7,1.0
https://t.co/Mhd157atv7 #Qiita,1.0
LLMç³»AIã®ç¤¾å†…æµ¸é€ãŒé€²ã‚ã°é€²ã‚€ã»ã©ã€ç”²ã€‘AIã‚’ä½¿ã„ã“ãªã—èºé€²ã™ã‚‹äººã€ã€ä¹™ã€‘AIã«æŒ¯ã‚Šå›ã•ã‚‹äººã€ã€ä¸™ã€‘AIå®Œå…¨ä¾å­˜ã§è‡ªå·±å–ªå¤±ã®äººã€ã®å·®ãŒéš›ç«‹ã£ã¦ãã‚‹ã€‚ç”²ä¹™ä¸™ã„ãšã‚Œã‚‚çµ„ç¹”ã«å±…ç¶šã‘ã‚‹ã®ã§ãƒãƒã‚¸ãƒ¡ãƒ³ãƒˆã®äººã¨ã—ã¦ã®èƒ½åŠ›ãŒæ±‚ã‚ã‚‰ã‚Œã‚‹ã‚ˆã†ã«ãªã‚‹ã€‚#LLM #ChatGPT,1.0
#ChatGPT #Copilot,1.0
#Copilot #FAQ,0.5
ğŸ”¥ My,0.2
My New,0.5
New Video,0.25
Video Episode,1.0
Episode 2!,1.0
2! ğŸ”¥,1.0
ğŸ”¥ Learn,0.2
Learn AI,1.0
AI &amp;,0.04
&amp; Become,0.07692307692307693
Become an,1.0
an AI,0.2
AI Engineer,0.04
Engineer ğŸš€,1.0
ğŸš€ ğŸ“¹,0.16666666666666666
ğŸ“¹ AI,1.0
AI Products,0.04
Products |,1.0
| Core,0.2
Core Principles,1.0
Principles |,1.0
| Large,0.2
Language Models,0.6666666666666666
Models ğŸ‘‰,0.5
ğŸ‘‰ Watch,0.25
Watch Now:,0.5
Now: https://t.co/sH3sWD5IhW,0.5
https://t.co/sH3sWD5IhW #AI,1.0
#AI #AIEngineer,0.022222222222222223
#AIEngineer #LearnAI,1.0
#LearnAI #MachineLearning,1.0
#MachineLearning #TechEducation,0.14285714285714285
#TechEducation #Urdu,1.0
#Urdu #Hindi,1.0
#Hindi #LLM,1.0
#LLM #DeepLearning,0.024691358024691357
ã‚¤ãƒ¼ãƒ­ãƒ³ãƒã‚¹ã‚¯ã€Œåœ°çƒã§æœ€ã‚‚è³¢ã„AIã€ã¨å®£è¨€ãƒ¼ãƒ¼xAIã€æœ€æ–°AIãƒ¢ãƒ‡ãƒ«ã€ŒGrok 3ã€ã‚’æ­£å¼ãƒªãƒªãƒ¼ã‚¹,1.0
3ã€ã‚’æ­£å¼ãƒªãƒªãƒ¼ã‚¹ æœ‰æ–™ä¼šå“¡å‘ã‘ã«æä¾›é–‹å§‹,1.0
æœ‰æ–™ä¼šå“¡å‘ã‘ã«æä¾›é–‹å§‹ |,1.0
| https://t.co/NtfQqftWUK,0.2
https://t.co/NtfQqftWUK #LLM,1.0
#LLM #search,0.024691358024691357
#search #reasoning,1.0
#reasoning #NLP,0.3333333333333333
#NLP #AI,0.2
#AI https://t.co/dYFPopxN5N,0.022222222222222223
"Amazon's COSMO,",1.0
"COSMO, an",1.0
"AI system,",0.04
"system, will",1.0
will revolutionize,0.5
revolutionize online,1.0
online shopping.,1.0
shopping. This,1.0
"This ""Common",0.25
"""Common Sense",1.0
Sense Knowledge,1.0
"Knowledge Generation""",1.0
"Generation"" system",1.0
system powers,0.3333333333333333
powers Amazon,1.0
"Amazon Search,",1.0
"Search, bridging",1.0
bridging the,1.0
the gap,0.021739130434782608
gap between,1.0
between queries,1.0
queries &amp;,1.0
&amp; intent.,0.07692307692307693
intent. #amazon,1.0
#amazon #geo,1.0
#geo #genai,1.0
#genai #llm,0.3333333333333333
#llm #performancemarketing,0.07692307692307693
#performancemarketing #cosmo,1.0
#cosmo https://t.co/E98bCH1mkp,1.0
#Pienso æ˜¯ä¸€ä¸ª,1.0
æ˜¯ä¸€ä¸ª B2B,1.0
B2B äººå·¥æ™ºèƒ½å¹³å°ï¼Œå®ƒåˆ©ç”¨æ–‡æœ¬æ•°æ®è¿›è¡Œæ´å¯ŸåŠ›ç”Ÿæˆã€æ–‡æ¡£æ™ºèƒ½å’Œå†…å®¹ç®¡ç†ã€‚,1.0
äººå·¥æ™ºèƒ½å¹³å°ï¼Œå®ƒåˆ©ç”¨æ–‡æœ¬æ•°æ®è¿›è¡Œæ´å¯ŸåŠ›ç”Ÿæˆã€æ–‡æ¡£æ™ºèƒ½å’Œå†…å®¹ç®¡ç†ã€‚ #AI,1.0
#LLM https://t.co/b5ewNHTStZ,0.012345679012345678
Rio Yokota,1.0
Yokota of,1.0
of Institute,0.047619047619047616
Institute of,1.0
of Science,0.047619047619047616
Science Tokyo,1.0
Tokyo (new,1.0
(new name,1.0
name for,0.5
for Titech),0.05555555555555555
Titech) giving,1.0
giving an,0.5
an update,0.1
update on,1.0
on #LLM,0.045454545454545456
#LLM work,0.012345679012345678
work using,0.5
using #supercomputers,0.08333333333333333
#supercomputers in,1.0
in Japan,0.043478260869565216
Japan at,1.0
at #MW25NZ,0.25
#MW25NZ mixed,1.0
mixed with,1.0
with an,0.05555555555555555
an excellent,0.1
excellent overall,1.0
overall discussion,1.0
discussion of,0.5
of wider,0.047619047619047616
wider international,1.0
international #AI,1.0
#AI evolution,0.022222222222222223
evolution and,1.0
and advances,0.034482758620689655
advances #HPC,1.0
#HPC https://t.co/YH4oLAtbkY,1.0
å®Ÿè·µçš„ãªãƒ—ãƒ­ãƒ³ãƒ—ãƒˆã‚¨ãƒ³ã‚¸ãƒ‹ã‚¢ãƒªãƒ³ã‚°æ‰‹æ³•ã‚’è§£èª¬ https://t.co/tl8z7G47a5,1.0
https://t.co/tl8z7G47a5 #ãƒ—ãƒ­ãƒ³ãƒ—ãƒˆã‚¨ãƒ³ã‚¸ãƒ‹ã‚¢ãƒªãƒ³ã‚°,1.0
#ãƒ—ãƒ­ãƒ³ãƒ—ãƒˆã‚¨ãƒ³ã‚¸ãƒ‹ã‚¢ãƒªãƒ³ã‚° #LLM,1.0
This MCP,0.25
MCP server,1.0
server allows,0.5
allows automation,1.0
automation of,1.0
of interactions,0.047619047619047616
interactions with,1.0
with WordPress,0.05555555555555555
WordPress sites,0.5
sites through,1.0
through the,0.6666666666666666
the WordPress,0.021739130434782608
WordPress REST,0.5
REST API,1.0
API using,0.25
using JSON-RPC,0.08333333333333333
JSON-RPC 2.0,1.0
2.0 protocol.,1.0
protocol. https://t.co/7AiSgQslkI,1.0
https://t.co/7AiSgQslkI #mcp,1.0
#mcp #AI,1.0
#AI #llm,0.044444444444444446
#llm #lrm,0.07692307692307693
#lrm #WordPress,1.0
#WordPress #Automation,1.0
âš¡ AI,0.5
AI just,0.04
just got,0.5
got faster!,1.0
faster! Speculative,1.0
Speculative Decoding,1.0
Decoding speeds,1.0
speeds up,1.0
up LLMs,0.16666666666666666
LLMs by,0.3333333333333333
by 2xâ€“3x,0.16666666666666666
2xâ€“3x using,1.0
using a,0.16666666666666666
a draft,0.02857142857142857
draft model,1.0
model +,0.08333333333333333
+ verification,0.3333333333333333
verification model,1.0
model approach.,0.08333333333333333
approach. âœ…,1.0
âœ… Faster,0.125
Faster AI,1.0
AI responses,0.04
responses âœ…,1.0
âœ… Retains,0.125
Retains accuracy,1.0
accuracy âœ…,0.5
âœ… Integrated,0.125
Integrated in,1.0
in LM,0.043478260869565216
LM Studio,0.25
Studio 0.3.10,0.5
0.3.10 ğŸ”—,1.0
ğŸ”— Read,1.0
Read more:,0.16666666666666666
more: https://t.co/fb6bZLk7xs,1.0
https://t.co/fb6bZLk7xs #LLM,1.0
#LLM #SpeculativeDecoding,0.012345679012345678
#SpeculativeDecoding #LMStudio,1.0
#LMStudio https://t.co/Yuzi742O9C,1.0
Grok 3,0.25
3 tops,0.5
tops LM,1.0
LM Marina,0.25
Marina leaderboard!,1.0
"leaderboard! Smart,",1.0
"Smart, ""mostly",1.0
"""mostly uncensored"",",1.0
"uncensored"", text-to-video,",1.0
"text-to-video, future",1.0
"future ""Super",0.5
"""Super Grok""",1.0
"Grok"" sub.",1.0
sub. Direct,1.0
Direct Twitter,1.0
Twitter data,1.0
"data access,",0.2
"access, truth-focused,",1.0
"truth-focused, Colossus-trained.",1.0
Colossus-trained. Passed,1.0
Passed vibe,1.0
vibe check,1.0
check with,1.0
with Spel,0.05555555555555555
Spel code.,1.0
code. #AI,1.0
#AI #Grok3,0.022222222222222223
#Grok3 #LLM,0.25
ğŸ‰Amazing work!,1.0
work! ğŸ“Weâ€™re,1.0
ğŸ“Weâ€™re delighted,1.0
delighted that,1.0
that #myCobot280,0.09090909090909091
#myCobot280 M5,1.0
M5 could,1.0
could support,1.0
support your,1.0
your study,0.07142857142857142
study on,0.5
on vision,0.045454545454545456
vision control,0.5
control using,0.5
using large-scale,0.08333333333333333
large-scale vision-language,1.0
vision-language models.,1.0
models. Keep,0.5
Keep pushing,1.0
pushing boundaries!,1.0
boundaries! ğŸ¤–Keep,1.0
ğŸ¤–Keep up,1.0
up the,0.3333333333333333
the amazing,0.021739130434782608
amazing work!ğŸš€Learn,1.0
work!ğŸš€Learn moreğŸ‘‰https://t.co/NqtmLEG2FU,1.0
moreğŸ‘‰https://t.co/NqtmLEG2FU #Robotics,1.0
#Robotics #TechInnovation,1.0
#TechInnovation #AI,1.0
#LLM #M5Stack,0.012345679012345678
#M5Stack https://t.co/QW20X4ANY0,1.0
Staffing Magazineæ›´æ–°ï¼,1.0
Magazineæ›´æ–°ï¼ æœ¬æ—¥ã¯ã€ã€ŒAIé–‹ç™ºã®æ–°æ‰‹æ³•ã€LIMOã€ã€æ•°ç™¾ä»¶ã®ãƒ‡ãƒ¼ã‚¿ã§å®Ÿç¾ã™ã‚‹é«˜æ€§èƒ½åŒ–ã€ã«ã¤ã„ã¦è§£èª¬ã—ã¦ã„ã¾ã™ã€‚,1.0
æœ¬æ—¥ã¯ã€ã€ŒAIé–‹ç™ºã®æ–°æ‰‹æ³•ã€LIMOã€ã€æ•°ç™¾ä»¶ã®ãƒ‡ãƒ¼ã‚¿ã§å®Ÿç¾ã™ã‚‹é«˜æ€§èƒ½åŒ–ã€ã«ã¤ã„ã¦è§£èª¬ã—ã¦ã„ã¾ã™ã€‚ ãœã²ãƒã‚§ãƒƒã‚¯ã—ã¦ã¿ã¦ãã ã•ã„ï¼,1.0
ãœã²ãƒã‚§ãƒƒã‚¯ã—ã¦ã¿ã¦ãã ã•ã„ï¼ #LIMO,1.0
#LIMO #LLM,1.0
#LLM #AIProfessional,0.012345679012345678
#AIProfessional https://t.co/tKnGIMHRYz,1.0
"xAI, 'ì„¸ê³„ì—ì„œ",1.0
'ì„¸ê³„ì—ì„œ ê°€ì¥,1.0
ê°€ì¥ ë˜‘ë˜‘í•œ',1.0
ë˜‘ë˜‘í•œ' Grok-3,1.0
Grok-3 ì¶œì‹œ...ì¶”ë¡ ,1.0
ì¶œì‹œ...ì¶”ë¡  ëª¨ë¸,1.0
ëª¨ë¸ 'DeepSearch'ë„,1.0
'DeepSearch'ë„ ë°œí‘œ,1.0
ë°œí‘œ (ì¶œì²˜:aitimes),1.0
(ì¶œì²˜:aitimes) -xAIëŠ”,1.0
-xAIëŠ” 17ì¼,1.0
17ì¼ X(íŠ¸ìœ„í„°),1.0
X(íŠ¸ìœ„í„°) ì´ë²¤íŠ¸ë¥¼,1.0
ì´ë²¤íŠ¸ë¥¼ í†µí•´,1.0
í†µí•´ ê·¸ë¡-3ë¥¼,1.0
ê·¸ë¡-3ë¥¼ ë°œí‘œ.,1.0
ë°œí‘œ. -ì„¸ê³„,1.0
-ì„¸ê³„ ìµœëŒ€ì˜,1.0
ìµœëŒ€ì˜ AI,1.0
AI ë°ì´í„°ì„¼í„°,0.04
ë°ì´í„°ì„¼í„° 'ì½œë¡œì„œìŠ¤'ì—ì„œ,1.0
'ì½œë¡œì„œìŠ¤'ì—ì„œ í›ˆë ¨ëœ,1.0
"í›ˆë ¨ëœ ê²ƒìœ¼ë¡œ,",1.0
"ê²ƒìœ¼ë¡œ, ê°ì¢…",1.0
ê°ì¢… ë²¤ì¹˜ë§ˆí¬ì—ì„œ,1.0
ë²¤ì¹˜ë§ˆí¬ì—ì„œ í˜„ì¡´,1.0
í˜„ì¡´ ìµœê°•ì¸,1.0
ìµœê°•ì¸ ì˜¤í”ˆAI,1.0
ì˜¤í”ˆAI ë°,1.0
ë° ë”¥ì‹œí¬ë¥¼,1.0
ë”¥ì‹œí¬ë¥¼ ëŠ¥ê°€.,1.0
ëŠ¥ê°€. #grok3,1.0
#grok3 #llm,1.0
#llm #xai,0.07692307692307693
#xai #wonwizard,0.5
#wonwizard https://t.co/dE8LedvfT0,1.0
â€œã€ŒAIã®åˆ©ç”¨ãƒ»é–‹ç™ºã«é–¢ã™ã‚‹å¥‘ç´„ãƒã‚§ãƒƒã‚¯ãƒªã‚¹ãƒˆã€ã‚’å–ã‚Šã¾ã¨ã‚ã¾ã—ãŸ ï¼ˆMETI/çµŒæ¸ˆç”£æ¥­çœï¼‰â€,1.0
ï¼ˆMETI/çµŒæ¸ˆç”£æ¥­çœï¼‰â€ https://t.co/PXlkLsSMXy,1.0
https://t.co/PXlkLsSMXy #ai,1.0
#ai #LLM,0.1
#LLM #å¥‘ç´„,0.012345679012345678
#å¥‘ç´„ #d,1.0
Hack infiltration,1.0
infiltration and,1.0
and recovery,0.034482758620689655
recovery services?,1.0
services? Inbox,1.0
Inbox me,1.0
me for,1.0
for help.,0.05555555555555555
help. #llm,1.0
#llm #largelanguagemodels,0.07692307692307693
#largelanguagemodels #ai,1.0
#ai #rag,0.1
#rag #finetuning,1.0
#finetuning #machinelearning,1.0
#machinelearning #à¹à¸–à¸¥à¸‡à¸‚à¹ˆà¸²à¸§à¸‡à¸²à¸™à¸šà¸­à¸¥55à¸›à¸µà¸Šà¹ˆà¸­à¸‡3,0.5
#à¹à¸–à¸¥à¸‡à¸‚à¹ˆà¸²à¸§à¸‡à¸²à¸™à¸šà¸­à¸¥55à¸›à¸µà¸Šà¹ˆà¸­à¸‡3 #ãƒ”ãƒƒã‚³ãƒã§ãƒã‚¤æ´»,1.0
#ãƒ”ãƒƒã‚³ãƒã§ãƒã‚¤æ´» https://t.co/rImvTVwpUq,1.0
ğŸš€ A,0.16666666666666666
A Comprehensive,0.5
Comprehensive Overview,1.0
Overview of,1.0
of LLMs,0.09523809523809523
LLMs in,0.16666666666666666
in DETAIL!,0.043478260869565216
DETAIL! Written,1.0
Written by,1.0
by top,0.16666666666666666
top researchers,1.0
researchers &amp;,0.5
"&amp; students,",0.07692307692307693
"students, this",0.5
this paper,0.125
paper covers,1.0
covers everything,1.0
everything about,1.0
about Large,0.3333333333333333
Models in,0.5
in an,0.043478260869565216
an easy-to-understand,0.1
easy-to-understand way.,1.0
way. ğŸ“–,1.0
ğŸ“– Read,1.0
Read here,0.16666666666666666
here ğŸ‘‰,0.5
ğŸ‘‰ https://t.co/GuqCas0uTA,0.25
https://t.co/GuqCas0uTA #AI,1.0
#AI #MachineLearning,0.08888888888888889
#MachineLearning #LLM,0.2857142857142857
#DeepLearning @Setters_Ai,0.5
ã€è«–æ–‡ã€‘è‡ªå·±é©å¿œå‹LLMã®æ–°æ™‚ä»£ã€Self-adaptive LLMsã€ã«ã¤ã„ã¦ç°¡å˜ã«çºã‚ã¦ã¿ã¾ã—ãŸ,1.0
LLMsã€ã«ã¤ã„ã¦ç°¡å˜ã«çºã‚ã¦ã¿ã¾ã—ãŸ https://t.co/O9aOEytCjC,0.5
https://t.co/O9aOEytCjC #è«–æ–‡,1.0
#è«–æ–‡ #AI,0.6666666666666666
Sometimes you,1.0
you have,0.1111111111111111
have to,0.3333333333333333
to be,0.02857142857142857
be careful,0.1111111111111111
careful what,1.0
what you,0.3333333333333333
you ask,0.1111111111111111
ask for,1.0
for -,0.05555555555555555
- what,0.07142857142857142
what are,0.3333333333333333
are the,0.14285714285714285
the consequences,0.021739130434782608
consequences of,1.0
of using,0.047619047619047616
using #GenerativeAI,0.08333333333333333
#GenerativeAI ?,0.3333333333333333
? As,0.3333333333333333
As they,1.0
they say,0.25
say -,1.0
- moderation,0.07142857142857142
moderation is,1.0
is key,0.041666666666666664
key -,0.5
the same,0.021739130434782608
same applies,1.0
applies to,1.0
to #GenAI,0.02857142857142857
#GenAI usage,0.08333333333333333
usage !,1.0
! https://t.co/0uCtxu53Ym,1.0
https://t.co/0uCtxu53Ym #innovation,1.0
#innovation #disruption,0.6666666666666666
#disruption #ArtificialIntelligence,0.5
#ArtificialIntelligence #LLM,0.5
#AI #AIinnovation,0.022222222222222223
GPT-4oã‚ˆã‚Šé«˜æ€§èƒ½ã†ãŸã†ã€ŒGrok 3ã€ãƒã‚¹ã‚¯æ°ã®xAIãŒãƒªãƒªãƒ¼ã‚¹ã€‚ã‚¦ã‚§ãƒ–ç‰ˆã¨iOSã‚¢ãƒ—ãƒªç‰ˆã§æä¾›,1.0
3ã€ãƒã‚¹ã‚¯æ°ã®xAIãŒãƒªãƒªãƒ¼ã‚¹ã€‚ã‚¦ã‚§ãƒ–ç‰ˆã¨iOSã‚¢ãƒ—ãƒªç‰ˆã§æä¾› |,1.0
| ãƒ†ã‚¯ãƒã‚¨ãƒƒã‚¸,0.2
ãƒ†ã‚¯ãƒã‚¨ãƒƒã‚¸ TechnoEdge,1.0
TechnoEdge #LLM,1.0
#reasoning #AI,0.3333333333333333
#AI https://t.co/pim2itNof6,0.022222222222222223
ãƒã‚¹ã‚¯æ°ã®ï½˜ï¼¡ï¼©ã€å¯¾è©±å‹ç”Ÿæˆï¼¡ï¼©ã€Œã‚°ãƒ­ãƒƒã‚¯ï¼“ã€ã‚’ãƒªãƒªãƒ¼ã‚¹ |,1.0
| ãƒ­ã‚¤ã‚¿ãƒ¼,0.2
ãƒ­ã‚¤ã‚¿ãƒ¼ #chat,1.0
#chat #LLM,1.0
#LLM #NLP,0.012345679012345678
#AI https://t.co/MwfAyxjJU6,0.022222222222222223
How does,0.3333333333333333
does AI,0.5
AI understand,0.04
understand you?,0.5
you? Tokenization!,1.0
Tokenization! Text,1.0
Text breaks,0.5
breaks into,1.0
"into ""tokens""",0.5
"""tokens"" (words/sub-words),",1.0
"(words/sub-words), each",1.0
each getting,1.0
getting a,1.0
a unique,0.02857142857142857
unique ID,0.5
ID from,0.5
from a,0.125
a vocabulary.,0.02857142857142857
vocabulary. Like,0.5
Like looking,0.5
looking up,1.0
"a word,",0.02857142857142857
"word, this",1.0
this ID,0.125
ID is,0.5
is how,0.041666666666666664
how LLMs,0.14285714285714285
LLMs understand.,0.16666666666666666
understand. Tokenization:,1.0
Tokenization: Text,1.0
Text -&gt;,0.5
-&gt; Tokens,0.5
Tokens -&gt;,1.0
-&gt; IDs,0.5
IDs (pre-defined,1.0
(pre-defined vocab).,1.0
vocab). Simple!,1.0
Simple! #LLM,1.0
#LLM #Tokenization,0.012345679012345678
#Tokenization #NLP,1.0
LLMs boosting,0.16666666666666666
boosting support?,1.0
support? 5,1.0
5 powerful,0.3333333333333333
powerful use,0.5
use cases:,0.3333333333333333
cases: 1ï¸âƒ£,1.0
1ï¸âƒ£ Chatbots:,0.5
Chatbots: Automated,1.0
Automated convos.,1.0
convos. 2ï¸âƒ£,1.0
2ï¸âƒ£ FAQs:,0.5
FAQs: Quick,1.0
Quick answers.,1.0
answers. 3ï¸âƒ£,1.0
3ï¸âƒ£ Sentiment:,0.5
Sentiment: Understand,1.0
Understand emotion.,1.0
emotion. 4ï¸âƒ£,1.0
4ï¸âƒ£ Personalize:,0.5
Personalize: Tailored,1.0
Tailored exp.,1.0
exp. 5ï¸âƒ£,1.0
5ï¸âƒ£ Auto,0.5
Auto Tickets:,1.0
Tickets: Streamline,1.0
Streamline workflow.,1.0
workflow. #LLM,1.0
#LLM #CustomerService,0.012345679012345678
#CustomerService #AI,1.0
LLMsã€ã«ã¤ã„ã¦ç°¡å˜ã«çºã‚ã¦ã¿ã¾ã—ãŸ https://t.co/O9aOEyua9a,0.5
https://t.co/O9aOEyua9a #è«–æ–‡,1.0
"Agree, incredibly",1.0
incredibly useful,1.0
useful -,1.0
the right,0.043478260869565216
right amount,0.5
amount of,1.0
of detail,0.047619047619047616
detail across,1.0
across the,0.3333333333333333
the entire,0.021739130434782608
entire #LLM,1.0
#LLM pipeline.,0.012345679012345678
pipeline. I,1.0
I can't,0.16666666666666666
can't believe,0.5
believe this,1.0
this is,0.125
is offered,0.041666666666666664
offered gratis,1.0
gratis from,1.0
from @karpathy,0.125
@karpathy .,1.0
. .,0.6666666666666666
. hyper-targeted,0.3333333333333333
hyper-targeted knowledge,1.0
"knowledge diffusion,",1.0
"diffusion, wow.",1.0
wow. https://t.co/SZ5hRYKw1S,1.0
ã‚¦ã‚§ãƒ“ãƒŠãƒ¼é–‹å‚¬æ±ºå®šï¼ ã€Œç”ŸæˆAI,1.0
ã€Œç”ŸæˆAI x,1.0
x ãƒ†ã‚­ã‚¹ãƒˆåˆ†æã®é€²åŒ–,1.0
ãƒ†ã‚­ã‚¹ãƒˆåˆ†æã®é€²åŒ– ã€œ,1.0
ã€œ LLMã«ã‚ˆã‚‹æœ€æ–°ã®ãƒ†ã‚­ã‚¹ãƒˆç‰¹å¾´é‡ã¨ãƒ“ã‚¸ãƒã‚¹ã§ã®æ´»ç”¨æ³•,1.0
LLMã«ã‚ˆã‚‹æœ€æ–°ã®ãƒ†ã‚­ã‚¹ãƒˆç‰¹å¾´é‡ã¨ãƒ“ã‚¸ãƒã‚¹ã§ã®æ´»ç”¨æ³• ã€œã€,1.0
ã€œã€ 3æœˆ27æ—¥(æœ¨),1.0
3æœˆ27æ—¥(æœ¨) 12:00ï½13:00,1.0
12:00ï½13:00 è¦–è´æ–¹æ³•:Zoom,1.0
è¦–è´æ–¹æ³•:Zoom (å‚åŠ ç„¡æ–™),1.0
(å‚åŠ ç„¡æ–™) https://t.co/GCtgpdXy13,1.0
https://t.co/GCtgpdXy13 #dotdata,1.0
#dotdata #ç”ŸæˆAI,1.0
#ç”ŸæˆAI #ãƒ‡ãƒ¼ã‚¿æ´»ç”¨,1.0
#ãƒ‡ãƒ¼ã‚¿æ´»ç”¨ #ãƒ‡ãƒ¼ã‚¿åˆ†æ,1.0
#ãƒ‡ãƒ¼ã‚¿åˆ†æ #ãƒ†ã‚­ã‚¹ãƒˆåˆ†æ,1.0
#ãƒ†ã‚­ã‚¹ãƒˆåˆ†æ #DXæ¨é€²,1.0
#DXæ¨é€² #LLM,1.0
#LLM #ç‰¹å¾´é‡,0.012345679012345678
#ç‰¹å¾´é‡ #è‡ªç„¶è¨€èªå‡¦ç†,1.0
#è‡ªç„¶è¨€èªå‡¦ç† #NLP,1.0
#NLP https://t.co/i8wjidcC66,0.1
Pipelines optimize,1.0
optimize LLMs,0.5
by handling,0.16666666666666666
handling data,1.0
"data flow,",0.2
"flow, tokenization,",1.0
"tokenization, training,",1.0
"training, and",1.0
and inference,0.034482758620689655
inference efficiently.,0.3333333333333333
efficiently. They,1.0
They enhance,0.5
"enhance scalability,",0.5
"scalability, performance,",1.0
"performance, and",1.0
and adaptability,0.034482758620689655
adaptability for,1.0
for AI,0.05555555555555555
AI applications.,0.04
applications. #LLM,1.0
#MachineLearning https://t.co/8MUhXD1qdC,0.14285714285714285
https://t.co/gOsgK4BPyv Â»Humaneâ€™s,0.2
Â»Humaneâ€™s AI,1.0
AI Pin,0.04
Pin is,1.0
is deadÂ«,0.041666666666666664
deadÂ« https://t.co/lQK0UDOzUr,1.0
https://t.co/lQK0UDOzUr #AIagent,1.0
Wow -,1.0
- can,0.07142857142857142
can #GenerativeAI,0.09090909090909091
#GenerativeAI help,0.3333333333333333
help us,0.2
us be,1.0
be happier,0.1111111111111111
happier within,1.0
within ourselves,1.0
ourselves &amp;,1.0
&amp; satisfy,0.07692307692307693
satisfy our,1.0
our human,0.2
human urges,0.25
urges ?,1.0
? These,0.3333333333333333
These are,1.0
are strong,0.14285714285714285
strong claims,1.0
claims -,1.0
- we're,0.07142857142857142
we're never,1.0
never going,0.5
going to,1.0
to stop,0.02857142857142857
stop using,1.0
using #GenAI,0.08333333333333333
#GenAI -,0.08333333333333333
- are,0.07142857142857142
are we,0.14285714285714285
we ?,0.16666666666666666
? https://t.co/T3shkD4F16,0.3333333333333333
https://t.co/T3shkD4F16 #innovation,1.0
#disruption #LLM,0.5
#LLM #SLM,0.012345679012345678
#SLM #AgenticAI,1.0
#AgenticAI #AIinnovation,1.0
#AIinnovation #EthicalAI,0.5
#EthicalAI #TrustworthyAI,1.0
#TrustworthyAI l,1.0
REVISTA DIGITAL,1.0
DIGITAL DE,1.0
DE FEBRERO,1.0
FEBRERO 2025,1.0
"2025 EconomÃ­a,",0.5
"EconomÃ­a, Gerencia",1.0
Gerencia y,1.0
y TecnologÃ­a,1.0
TecnologÃ­a Sin,1.0
Sin ningÃºn,1.0
ningÃºn registro,1.0
registro â¡ï¸LÃ©ala,1.0
â¡ï¸LÃ©ala ahora:,1.0
ahora: https://t.co/tJeOyLRi47,1.0
https://t.co/tJeOyLRi47 âœ…,1.0
âœ… #IA,0.125
#IA #ML,0.5
#ML #DL,0.16666666666666666
#DL #Cloud,1.0
#Cloud #LLM,1.0
#LLM #BI,0.012345679012345678
#BI #Technology,1.0
#Technology #DigitalTransformation,1.0
#DigitalTransformation #Management,1.0
#Management #Economy,1.0
#Economy #Profit,1.0
#Profit #Psychology,1.0
#Psychology #Robot,1.0
#Robot #Crypto,1.0
#Crypto #Fintech,1.0
#Fintech #Banking,1.0
#Banking #data,1.0
#data https://t.co/VrsIjXw6UR,0.5
I just,0.16666666666666666
just published,0.5
published a,1.0
a tutorial,0.02857142857142857
tutorial on,1.0
on how,0.045454545454545456
how to,0.2857142857142857
to use,0.05714285714285714
use Temperature,0.3333333333333333
Temperature and,1.0
and Top,0.034482758620689655
Top P,1.0
P in,1.0
in Google,0.043478260869565216
Google AI,1.0
AI Studio,0.04
Studio to,0.5
to control,0.02857142857142857
control AI,0.5
AI creativity,0.04
creativity and,1.0
and vocabulary.,0.034482758620689655
vocabulary. Hope,0.5
Hope you,1.0
you find,0.1111111111111111
find it,1.0
it useful!,0.2
useful! #LLM,1.0
#AI https://t.co/OQSQR3g6mx,0.022222222222222223
7/ The,1.0
The experiments,0.125
experiments were,1.0
were conducted,1.0
conducted on,0.5
on Llama-3.2-1B-Instruct.,0.045454545454545456
Llama-3.2-1B-Instruct. More,1.0
More insights,1.0
insights to,0.3333333333333333
to come,0.02857142857142857
come as,0.5
as I,0.25
I refine,0.16666666666666666
refine these,0.5
these techniques.,0.3333333333333333
techniques. What,1.0
What are,0.3333333333333333
are your,0.14285714285714285
your thoughts,0.07142857142857142
thoughts on,1.0
on manipulating,0.045454545454545456
manipulating activation,1.0
activation directions,1.0
directions in,1.0
in LLMs?,0.043478260869565216
LLMs? Letâ€™s,0.5
Letâ€™s discuss!,0.5
discuss! #AI,1.0
#LLM #MachineLearning,0.012345679012345678
#MachineLearning #AISecurity,0.14285714285714285
#AISecurity #MLunlearning,0.5
#MLunlearning #MachineUnlearning,1.0
4/n Example,1.0
Example of,1.0
of feature,0.047619047619047616
feature ablation:,1.0
ablation: â“,1.0
â“ Prompt:,0.5
Prompt: Where,1.0
Where is,1.0
is California?,0.041666666666666664
California? âœ…,1.0
âœ… Baseline:,0.125
Baseline: California,1.0
California is,0.5
is a,0.08333333333333333
a state,0.02857142857142857
state in,1.0
in the,0.13043478260869565
the western,0.021739130434782608
western US.,1.0
US. âŒ,1.0
âŒ Ablated:,0.25
Ablated: California,1.0
California can,0.5
can refer,0.09090909090909091
refer to,1.0
to different,0.02857142857142857
different things,1.0
things depending,0.5
depending on,1.0
on contextâ€¦,0.045454545454545456
contextâ€¦ (but,1.0
(but never,1.0
never states,0.5
states where,1.0
where it,0.5
it is),0.2
is) #AI,1.0
#AI #NLP,0.022222222222222223
Iâ€™ve been,1.0
been playing,0.5
playing around,1.0
around with,1.0
with LLM,0.05555555555555555
LLM activations,0.1111111111111111
activations and,1.0
and found,0.034482758620689655
found some,1.0
some interesting,0.5
interesting insights.,1.0
insights. Hereâ€™s,0.3333333333333333
Hereâ€™s what,1.0
what I,0.3333333333333333
I found:ğŸ§µ,0.16666666666666666
found:ğŸ§µ 1/n,1.0
1/n #AI,1.0
#LLM #Interpretability,0.012345679012345678
#Interpretability #alignment,1.0
#alignment #opensource,1.0
#opensource #AGI,0.5
@pmarca @AravSrinivas,1.0
@AravSrinivas Hence,1.0
Hence it,1.0
it seems,0.2
seems safe,1.0
safe to,1.0
"to guess,",0.02857142857142857
"guess, M.",1.0
"M. @AravSrinivas,",0.16666666666666666
"@AravSrinivas, that",1.0
that you've,0.09090909090909091
you've implemented,1.0
implemented a,1.0
a proprietary,0.02857142857142857
proprietary ideological,1.0
ideological filter,1.0
filter to,1.0
to make,0.02857142857142857
make a,0.5
a #OpenSource,0.02857142857142857
#OpenSource Chinese,1.0
"Chinese #LLM,",1.0
"#LLM, which",0.5
which would,0.5
would have,0.3333333333333333
have no,0.3333333333333333
no intrinsic,0.5
intrinsic biases,1.0
biases on,1.0
on its,0.045454545454545456
its own,0.3333333333333333
own (those,1.0
(those would,1.0
would be,0.3333333333333333
be introduced,0.1111111111111111
introduced in,1.0
the training,0.021739130434782608
"training materials),",0.5
"materials), acceptable",1.0
acceptable to,1.0
to right-wing,0.02857142857142857
right-wing politics.,1.0
@deepeval did,1.0
did a,1.0
a great,0.02857142857142857
great job,1.0
job framing,1.0
framing a,1.0
a systematic,0.02857142857142857
systematic approach,1.0
approach for,1.0
for end,0.05555555555555555
end tÃ¶,0.25
tÃ¶ end,1.0
end #RAG,0.25
#RAG evaluation,1.0
evaluation https://t.co/waM0ZDhTDh,1.0
https://t.co/waM0ZDhTDh However,1.0
However can,1.0
can we,0.09090909090909091
we do,0.16666666666666666
do better?,0.5
better? Can,1.0
Can Hyperpameters,1.0
Hyperpameters optimization,1.0
optimization help,0.5
help â“ï¸,0.2
â“ï¸ Check,1.0
Check this,1.0
this discussion,0.125
discussion to,0.5
to get,0.02857142857142857
get more,1.0
more insights,0.16666666666666666
insights https://t.co/YO2MAfITzY,0.3333333333333333
https://t.co/YO2MAfITzY #LLM,1.0
#LLM https://t.co/JdPtd92GjK,0.012345679012345678
IBM is,1.0
is stepping,0.041666666666666664
stepping up,1.0
the game!,0.021739130434782608
game! New,1.0
New small,0.25
small vision,1.0
vision LM,0.5
LM -,0.25
- Granite,0.07142857142857142
Granite Vision,0.5
"Vision 3.1,",1.0
"3.1, a",1.0
a 2B,0.02857142857142857
2B param,1.0
param model,1.0
model -,0.08333333333333333
- with,0.07142857142857142
with exceptional,0.05555555555555555
exceptional performance,1.0
performance on,1.0
on visual,0.045454545454545456
visual document,1.0
document understanding.,1.0
understanding. ğŸ“„ğŸ”,1.0
ğŸ“„ğŸ” This,1.0
This model,0.25
model was,0.08333333333333333
was trained,1.0
trained by,0.3333333333333333
by fine-tuning,0.16666666666666666
fine-tuning a,1.0
a Granite,0.02857142857142857
Granite LLM,0.5
LLM (Granite-3.1-2B-Instruct),0.1111111111111111
(Granite-3.1-2B-Instruct) with,1.0
with both,0.05555555555555555
both image,1.0
image and,1.0
and text.,0.034482758620689655
text. #research,1.0
#research #llmâ€¦,1.0
#llmâ€¦ https://t.co/6PRqcO5NLX,1.0
https://t.co/6PRqcO5NLX https://t.co/RgAlBbhVIx,1.0
Totday's Portfolio,1.0
Portfolio Summary,1.0
Summary #StockMarkets,1.0
#StockMarkets #Arduino,1.0
#Arduino #ESP32,1.0
#ESP32 #Raspberrypi,1.0
#Raspberrypi #Chihuahua,1.0
#Chihuahua #Stocks,1.0
#Stocks #Hodl,1.0
#Hodl #Python,1.0
#Python #Alpaca,1.0
#Alpaca #Ollama,1.0
#Ollama #LLama3,1.0
#LLama3 #LLM,1.0
#LLM #GPT,0.012345679012345678
#GPT https://t.co/upR1jozSD6,0.5
The rise,0.125
rise of,1.0
LLMs is,0.16666666666666666
is revolutionizing,0.041666666666666664
revolutionizing how,1.0
how we,0.2857142857142857
"we learn,",0.16666666666666666
"learn, but",1.0
but recent,0.2
recent research,1.0
research from,1.0
from The,0.125
The Wharton,0.125
Wharton School,1.0
School shows,1.0
shows that,0.5
that their,0.09090909090909091
their efficiency,0.5
efficiency may,1.0
may come,1.0
come at,0.5
at a,0.25
a cost:,0.02857142857142857
cost: shallower,1.0
shallower knowledge.,1.0
knowledge. Active,1.0
Active learning,1.0
learning through,1.0
through web,0.3333333333333333
web searches,1.0
searches leads,1.0
leads to,1.0
to deeper,0.02857142857142857
deeper understanding,1.0
understanding and,1.0
and more,0.034482758620689655
more unique,0.16666666666666666
unique insights.,0.5
insights. #AI,0.3333333333333333
#LLM #Learning,0.012345679012345678
#Learning #Edu,1.0
RAG systems,1.0
systems hallucinate,1.0
hallucinate more,1.0
more than,0.16666666666666666
than you,0.3333333333333333
you think.,0.1111111111111111
think. Without,1.0
Without PROPER,1.0
"PROPER evaluation,",1.0
"evaluation, youâ€™re:",1.0
youâ€™re: âŒ,1.0
âŒ Wasting,0.25
Wasting $$$,1.0
$$$ on,1.0
on irrelevant,0.045454545454545456
irrelevant data,1.0
data retrieval,0.2
retrieval âŒ,1.0
âŒ Ignoring,0.25
Ignoring â€˜confidently,1.0
â€˜confidently wrongâ€™,1.0
wrongâ€™ answers,1.0
answers âŒ,1.0
âŒ Missing,0.25
Missing critical,1.0
critical gaps,1.0
gaps in,1.0
in real-time,0.043478260869565216
real-time But,1.0
But TRIAD,1.0
TRIAD flips,1.0
flips the,1.0
the script.,0.021739130434782608
script. âš¡ï¸,1.0
âš¡ï¸ #LLM,0.5
#GenAI https://t.co/jMArMiAgC3,0.08333333333333333
"Mhm, yeah.",1.0
yeah. AI,1.0
AI will,0.04
will take,0.5
take jobs,1.0
jobs away,0.5
away from,0.5
from software,0.125
software engineers.,0.5
engineers. haha,1.0
haha so,1.0
so funny.,1.0
funny. They'll,1.0
They'll assist,1.0
"assist everyone,",1.0
"everyone, they",1.0
they won't,0.25
won't be,1.0
be as,0.1111111111111111
as capable,0.25
capable as,1.0
as the,0.25
the human,0.021739130434782608
human brain.,0.25
brain. #AI,1.0
#llm #tech,0.07692307692307693
#tech https://t.co/NbB0EO4cJf,0.5
@ilyasut is,1.0
is right.,0.041666666666666664
right. Scaling,1.0
Scaling Law,1.0
Law is,1.0
is hitting,0.041666666666666664
hitting its,1.0
its limit.,0.3333333333333333
limit. #AI,1.0
Letâ€™s free,0.5
free #LLM,1.0
#LLM reasoning,0.012345679012345678
reasoning with,0.3333333333333333
with unbiased,0.05555555555555555
unbiased open,1.0
source model,0.5
model weights!,0.08333333333333333
weights! â¤ï¸ğŸ“š,1.0
â¤ï¸ğŸ“š https://t.co/V6sxgj011d,1.0
https://t.co/gOsgK4BPyv Â»Safe,0.2
"Â»Safe Superintelligence,",1.0
"Superintelligence, Ilya",1.0
Ilya Sutskeverâ€™s,1.0
Sutskeverâ€™s AI,1.0
"AI startup,",0.04
"startup, is",1.0
is reportedly,0.041666666666666664
reportedly close,1.0
close to,1.0
to raising,0.02857142857142857
raising roughly,1.0
roughly $1BÂ«,1.0
$1BÂ« https://t.co/i9NklCzmnv,1.0
https://t.co/i9NklCzmnv #AIagent,1.0
@AutismCapital @balajis,0.5
@balajis It's,1.0
It's also,1.0
also quite,0.5
"quite false,",1.0
"false, M.",1.0
"M. @AutismCapital,",0.16666666666666666
"@AutismCapital, because",1.0
because the,1.0
the #LLM,0.021739130434782608
#LLM is,0.012345679012345678
is not,0.041666666666666664
not intelligent,0.16666666666666666
intelligent and,1.0
and does,0.034482758620689655
does not,0.5
not understand,0.16666666666666666
"understand English,",0.5
"English, nor",1.0
nor indeed,1.0
indeed any,1.0
any human,1.0
human language.,0.25
language. @grok,1.0
@grok and,0.5
and @ChatGPTapp,0.034482758620689655
@ChatGPTapp and,1.0
and @cohere,0.034482758620689655
@cohere and,1.0
and all,0.034482758620689655
all the,0.3333333333333333
the rest,0.021739130434782608
rest of,1.0
of these,0.047619047619047616
these things,0.3333333333333333
things are,0.5
are *not,0.14285714285714285
"*not thinking*,",1.0
"thinking*, remember?",1.0
remember? They,1.0
They can't,0.5
can't tell,0.5
tell truth,1.0
truth from,1.0
from falsehood.,0.125
Curious: Do,1.0
Do we,1.0
we have,0.16666666666666666
have benchmarks,0.3333333333333333
benchmarks measuring,0.5
measuring Western,1.0
Western #LLM,1.0
#LLM biases?,0.012345679012345678
biases? ğŸ§,1.0
ğŸ§ My,1.0
My observation:,0.5
observation: topics,1.0
topics like,1.0
"like climate,",0.5
"climate, energy,",1.0
"energy, gender,",1.0
"gender, health",1.0
health tend,1.0
tend toward,1.0
toward left-leaning,1.0
left-leaning narratives.,1.0
narratives. Even,1.0
Even Grok,1.0
Grok shows,0.25
shows this,0.5
this pattern,0.125
pattern -,1.0
- https://t.co/KohOmSkSmT,0.07142857142857142
https://t.co/KohOmSkSmT (base,1.0
(base &amp;,1.0
"&amp; proprietary,",0.07692307692307693
"proprietary, all",1.0
all negative,0.3333333333333333
negative =,1.0
= left,1.0
left leaning),1.0
leaning) #ai,1.0
#ai https://t.co/NwGCgVl0LY,0.1
ğŸ”¥ #GitHub,0.2
#GitHub February,1.0
February Updates:,0.5
Updates: Developer,1.0
Developer Experience,1.0
Experience Improvements,1.0
Improvements ğŸ”¥,1.0
ğŸ”¥ #ai,0.2
#ai #llm,0.2
#llm #coding,0.07692307692307693
#coding ğŸ§µ,0.5
ğŸ§µ ğŸ‘‡,1.0
ğŸ‘‡ ğŸ¤–,1.0
ğŸ¤– #GPT4o,0.5
#GPT4o #Copilot,1.0
#Copilot model,0.5
model now,0.08333333333333333
now in,1.0
in public,0.043478260869565216
public preview,0.3333333333333333
preview -,1.0
- trained,0.07142857142857142
trained on,0.3333333333333333
on 275k+,0.045454545454545456
275k+ repositories,1.0
repositories across,1.0
across 30+,0.3333333333333333
30+ programming,1.0
programming languages,0.3333333333333333
languages https://t.co/GLQ3EmZF4B,1.0
Try this,1.0
this dobby,0.125
dobby out.,1.0
out. its,1.0
its funnier,0.3333333333333333
funnier them,1.0
them most,1.0
most of,1.0
of The,0.047619047619047616
The LLM's,0.125
LLM's out,1.0
out there.,0.3333333333333333
there. It,1.0
It is,0.3333333333333333
is very,0.041666666666666664
very refreshing,1.0
refreshing and,1.0
and engaing.,0.034482758620689655
engaing. Dobby,1.0
Dobby is,1.0
is your,0.041666666666666664
your that,0.07142857142857142
that friend,0.09090909090909091
friend who,1.0
who can,1.0
can bitch,0.09090909090909091
bitch about,1.0
about infront,0.3333333333333333
infront of,1.0
of you.,0.047619047619047616
you. #Dobby,1.0
#Dobby #Sentient,1.0
#Sentient #LLM,1.0
#LLM https://t.co/CSd7rWaWPK,0.012345679012345678
What is,0.3333333333333333
is next,0.041666666666666664
next in,1.0
in Radiology,0.043478260869565216
Radiology Generative,1.0
Generative AI?,1.0
AI? #LLM,0.5
#LLM #AIAgent,0.012345679012345678
#AIAgent and,1.0
and beyond!!,0.034482758620689655
beyond!! Great,1.0
Great talk,0.5
talk by,1.0
by @woojinrad,0.16666666666666666
@woojinrad @SocietyAbdRad,1.0
@SocietyAbdRad @MoffittNews,1.0
@MoffittNews #SAR25,1.0
#SAR25 https://t.co/lJVFZJm7VV,1.0
https://t.co/lJVFZJm7VV https://t.co/maMPx9K3Gy,1.0
@imPenny2x @RobotJunkyard72,0.3333333333333333
@RobotJunkyard72 M.,1.0
"M. @imPenny2x,",0.16666666666666666
"@imPenny2x, how",1.0
how is,0.14285714285714285
a hammer,0.05714285714285714
hammer (a,0.5
(a hand,1.0
hand tool),1.0
tool) like,1.0
like an,0.5
an #LLM?,0.1
#LLM? You,1.0
You can,1.0
can actually,0.09090909090909091
actually hurt,1.0
hurt yourself,1.0
yourself using,1.0
"a hammer,",0.02857142857142857
"hammer, you",1.0
you know.,0.1111111111111111
know. It,1.0
It requires,0.3333333333333333
requires skill,0.5
skill to,1.0
use a,0.3333333333333333
hammer and,0.5
and not,0.034482758620689655
not everyone,0.16666666666666666
everyone can,1.0
can do,0.09090909090909091
do it,0.5
it properly.,0.2
properly. Hammering,1.0
Hammering nails,1.0
nails is,1.0
is something,0.041666666666666664
something you,1.0
you don't,0.1111111111111111
don't know,0.5
know how,1.0
"to do,",0.02857142857142857
"do, Penny",1.0
Penny (i.e.,1.0
(i.e. it's,1.0
it's hard,1.0
hard work.),1.0
work.) ~Chara,1.0
English is,1.0
is the,0.041666666666666664
new programming,0.2
programming language!!!,0.3333333333333333
language!!! #PromptEngineering,1.0
#PromptEngineering #AutonomousCoding,1.0
#AutonomousCoding #CoPilot,1.0
#CoPilot #AI,1.0
#LLM https://t.co/oIucDy62PI,0.012345679012345678
ğŸŸ£ KAIST,1.0
KAIST and,1.0
and DeepAuto,0.034482758620689655
DeepAuto #AI,1.0
#AI Researchers,0.022222222222222223
Researchers Propose,0.5
Propose InfiniteHiP:,1.0
InfiniteHiP: A,1.0
A Game-Changing,0.5
Game-Changing Long-Context,1.0
Long-Context #LLM,1.0
#LLM Framework,0.012345679012345678
Framework for,1.0
for 3M-Token,0.05555555555555555
3M-Token Inference,1.0
Inference on,0.5
on a,0.045454545454545456
a Single,0.02857142857142857
Single GPU,1.0
GPU Read,0.5
Read more,0.16666666666666666
more ğŸ‘‡ğŸ‘‡,0.16666666666666666
ğŸ‘‡ğŸ‘‡ https://t.co/IswWOQY2VP,1.0
https://t.co/IswWOQY2VP https://t.co/gtZwSgbcBS,1.0
Koel-TTS from,1.0
from NVIDIA,0.125
NVIDIA tackles,1.0
tackles LLM,1.0
LLM speech,0.1111111111111111
speech hallucinations,1.0
hallucinations using,1.0
using preference,0.08333333333333333
preference alignment,1.0
alignment +,1.0
+ classifier-free,0.3333333333333333
classifier-free guidance.,1.0
guidance. Achieves,1.0
Achieves SOTA,1.0
SOTA intelligibility,0.5
intelligibility (0.51%,1.0
(0.51% CER),1.0
CER) with,1.0
with less,0.05555555555555555
less training,0.5
training data.,0.5
data. https://t.co/CiJgHzHDB4,1.0
https://t.co/CiJgHzHDB4 #SpeechAI,1.0
#SpeechAI #LLM,1.0
#LLM #TTS,0.012345679012345678
#TTS https://t.co/1dICzpACD2,1.0
New Blog:,0.25
Blog: Challenging,0.5
Challenging the,1.0
the Hype:,0.021739130434782608
Hype: Why,1.0
Why AIâ€™s,1.0
AIâ€™s Path,1.0
Path to,1.0
to General,0.02857142857142857
General Intelligence,1.0
Intelligence Needs,1.0
Needs a,1.0
a Rethink,0.02857142857142857
Rethink -,1.0
- Part,0.07142857142857142
Part One,1.0
One Read,1.0
Read our,0.16666666666666666
our Blog:,0.2
Blog: https://t.co/CxKhU8Mn5l,0.5
https://t.co/CxKhU8Mn5l #AISecurity,1.0
#AISecurity #AIThirdParty,0.5
#AIThirdParty #AICompliance,1.0
#AICompliance #LLM,1.0
#LLM #AGI,0.012345679012345678
#AGI #AIForGood,0.5
#AIForGood https://t.co/Smayl7mC9v,1.0
ğŸ“šâœ¨ Successful,1.0
Successful Pre-Synopsis,1.0
Pre-Synopsis Submission,1.0
Submission at,0.5
at CPJ,0.25
CPJ Campus!,0.5
Campus! âœ¨ğŸ“š,1.0
âœ¨ğŸ“š On,1.0
On 17th,1.0
17th February,1.0
"February 2025,",0.5
"2025, CPJ",1.0
CPJ College,0.5
College proudly,1.0
proudly conducted,1.0
conducted the,0.5
the Pre-Synopsis,0.021739130434782608
Submission for,0.5
for our,0.05555555555555555
our LL.M.,0.2
"LL.M. students,",1.0
"students, featuring",0.5
featuring the,1.0
the esteemed,0.021739130434782608
esteemed Dr.,1.0
Dr. Anuj,1.0
Anuj Kumar,1.0
"Kumar Vaksha,",1.0
"Vaksha, Professor",1.0
Professor at,1.0
at GGSIPU.,0.25
GGSIPU. #LLM,1.0
#LLM #ResearchDevelopment,0.012345679012345678
#ResearchDevelopment #CPJCampus,1.0
#CPJCampus https://t.co/mMKGHl89AE,1.0
@VadimYuryev @VadimYuryev,0.5
@VadimYuryev Great,0.5
Great Video:,0.5
Video: your,1.0
your enthusiasm,0.07142857142857142
enthusiasm is,1.0
"is infectious,",0.041666666666666664
"infectious, i",1.0
i am,1.0
am seeing,1.0
seeing the,1.0
the brilliance,0.021739130434782608
brilliance of,1.0
of Ã†,0.047619047619047616
Ã† #UNIFIEDMEMORY,1.0
#UNIFIEDMEMORY pool,1.0
pool as,1.0
as opposed,0.25
opposed to,1.0
to separate,0.02857142857142857
separate hardware,1.0
hardware for,0.5
for the,0.05555555555555555
the CPU,0.021739130434782608
CPU &amp;,1.0
&amp; GPU,0.07692307692307693
GPU tasks.,0.5
tasks. To,0.5
To be,1.0
be able,0.1111111111111111
able to,1.0
to run,0.02857142857142857
run an,1.0
an independent,0.1
independent #LLM,1.0
#LLM on,0.012345679012345678
on hardware,0.045454545454545456
hardware which,0.5
which requires,0.5
requires 20+W,0.5
20+W &amp;,1.0
&amp; fits,0.07692307692307693
fits in,1.0
in your,0.043478260869565216
your palm.,0.07142857142857142
palm. https://t.co/AgN2PDpp9Z,1.0
https://t.co/AgN2PDpp9Z https://t.co/lN6CIkvN7W,1.0
"At NVIDIA,",1.0
"NVIDIA, our",1.0
our collaboration,0.2
collaboration with,1.0
with @tech_mahindra,0.05555555555555555
@tech_mahindra has,1.0
has been,1.0
been a,0.5
a testament,0.02857142857142857
testament to,1.0
to generative,0.02857142857142857
generative AI,1.0
"AI innovation,",0.04
"innovation, pioneering",1.0
pioneering first,1.0
first dialect,0.5
dialect based,1.0
based Hindi,0.5
Hindi #LLM,1.0
#LLM Nemotron-4-Mini-Hindi-4B,0.012345679012345678
Nemotron-4-Mini-Hindi-4B model,1.0
model using,0.08333333333333333
using NVIDIA's,0.08333333333333333
NVIDIA's stack.,1.0
stack. Watch,1.0
Watch the,0.5
the video.,0.021739130434782608
video. https://t.co/avkW63LdMM,1.0
https://t.co/avkW63LdMM https://t.co/6IOG9J3aiv,1.0
ğŸš€ #SQL,0.16666666666666666
#SQL Measures?,1.0
Measures? In,1.0
In #BI?!,1.0
#BI?! ğŸ˜¯,1.0
ğŸ˜¯ Timbr's,1.0
Timbr's Semantic,1.0
Semantic Metric,1.0
Metric Store,1.0
Store makes,1.0
makes metrics,1.0
metrics simple.,0.3333333333333333
simple. âœ¨,1.0
âœ¨ No,0.5
"No joins,",1.0
"joins, no",1.0
no redundant,0.5
redundant calculations!,1.0
calculations! ğŸ”,1.0
"ğŸ” Reusable,",1.0
"Reusable, consistent",1.0
consistent metrics,1.0
metrics across,0.3333333333333333
across tools,0.3333333333333333
tools âš¡ï¸,0.5
âš¡ï¸ 90%,0.5
90% faster,1.0
faster dashboard,0.5
dashboard delivery,1.0
delivery ğŸ¤–,1.0
ğŸ¤– #LLM,0.5
#LLM integration,0.012345679012345678
integration for,1.0
for accurate,0.05555555555555555
accurate insights,1.0
insights ğŸ‘‰,0.3333333333333333
ğŸ‘‰ https://t.co/u5Y5rjEpKU,0.25
The #Delegated,0.125
#Delegated #Chain,1.0
#Chain o,1.0
o #Thought,1.0
#Thought #Architecture.,1.0
#Architecture. #DCoT,1.0
#DCoT #architecture,1.0
#architecture #decouples,1.0
#decouples #reasoning,1.0
#reasoning from,0.3333333333333333
from #execution,0.125
#execution in,1.0
in #LLM,0.043478260869565216
#LLM by,0.012345679012345678
by #centralizing,0.16666666666666666
#centralizing reasoning,1.0
reasoning in,0.3333333333333333
"in ""#modulith""",0.043478260869565216
"""#modulith"" n",1.0
n #delegating,1.0
#delegating execution,1.0
execution #tasks,1.0
#tasks 2,1.0
2 #specialized,1.0
#specialized #modulesğŸ¤–,1.0
#modulesğŸ¤– #ReAct,1.0
#ReAct #Toolformer,1.0
#Toolformer #AIğŸ‘¾,1.0
#AIğŸ‘¾ #Tek_nikel54ğŸ¤–,1.0
#Tek_nikel54ğŸ¤– https://t.co/zioBP23Mlp,1.0
https://t.co/zioBP23Mlp https://t.co/p0gA3UjZG6,1.0
https://t.co/gOsgK4BPyv Â»Thinking,0.2
Â»Thinking Machine,1.0
Machine Labs,1.0
Labs is,1.0
is ex-OpenAI,0.041666666666666664
ex-OpenAI CTO,1.0
CTO Mira,1.0
Mira Muratiâ€™s,1.0
Muratiâ€™s new,1.0
new startupÂ«,0.2
startupÂ« https://t.co/iCfcYfH3Bs,1.0
https://t.co/iCfcYfH3Bs #AIagent,1.0
Not all,1.0
all shipments,0.3333333333333333
shipments are,1.0
are created,0.14285714285714285
created equal!,1.0
equal! ğŸš—ğŸ’¡,1.0
ğŸš—ğŸ’¡ Our,1.0
Our AI-powered,0.5
AI-powered priority,0.5
priority system,1.0
system flags,0.3333333333333333
flags high-priority,1.0
high-priority orders,1.0
orders based,1.0
based on,0.5
"on urgency,",0.045454545454545456
"urgency, deadlines,",1.0
"deadlines, and",1.0
and complexityâ€”ensuring,0.034482758620689655
complexityâ€”ensuring they,1.0
they move,0.25
move seamlessly,1.0
seamlessly through,1.0
the system.,0.021739130434782608
system. #shipcarssmarter,1.0
#shipcarssmarter https://t.co/vibstQyrdI,1.0
https://t.co/vibstQyrdI #carshipping,1.0
#carshipping #ai,1.0
#llm #automotivelogistics,0.07692307692307693
#automotivelogistics https://t.co/vdNi1rWakc,1.0
@elonmusk @charliekirk11,0.3333333333333333
@charliekirk11 @TeamTrump,1.0
@TeamTrump @X,1.0
@X @DOGE,1.0
@DOGE @imPenny2x,1.0
@imPenny2x @WholeMarsBlog,0.6666666666666666
@WholeMarsBlog @natemcgrady,0.5
@natemcgrady @GOP,1.0
@GOP @RonaldReagan,1.0
@RonaldReagan @jpodhoretz,1.0
@jpodhoretz @p_m_robinson,1.0
@p_m_robinson @DavidLimbaugh,1.0
@DavidLimbaugh @JohnStossel,1.0
@JohnStossel @shaunmmaguire,1.0
@shaunmmaguire @lexfridman,1.0
@lexfridman @pegobry_en,1.0
@pegobry_en @TheRabbitHole84,1.0
@TheRabbitHole84 @charlesmurray,1.0
@charlesmurray I,1.0
I had,0.16666666666666666
had roaring,1.0
roaring intellectual,1.0
"intellectual arguments,",1.0
"arguments, ""dialectic""",1.0
"""dialectic"" arguments",1.0
arguments that,1.0
that would,0.09090909090909091
would cause,0.3333333333333333
cause M.,1.0
M. @ConceptualJames,0.16666666666666666
@ConceptualJames or,1.0
or M.,0.3333333333333333
M. @curtis_yarvin,0.16666666666666666
@curtis_yarvin or,1.0
M. @realchrisrufo,0.16666666666666666
@realchrisrufo to,1.0
to faint,0.02857142857142857
faint dead,1.0
dead away,1.0
away (then,0.5
(then they'd,1.0
they'd revive,1.0
revive and,1.0
and fart,0.034482758620689655
fart out,1.0
out ten,0.3333333333333333
ten #LLM,1.0
#LLM books,0.012345679012345678
books on,1.0
the teensy,0.021739130434782608
teensy little,1.0
little taste,1.0
taste they,1.0
they had),0.25
had) with,1.0
a Marxist,0.02857142857142857
Marxist Chilean,1.0
Chilean exile.,1.0
exile. ~Chara,1.0
If your,1.0
your AI,0.14285714285714285
model isnâ€™t,0.08333333333333333
isnâ€™t giving,1.0
giving you,0.5
you the,0.1111111111111111
"right answers,",0.5
"answers, the",1.0
the problem,0.021739130434782608
problem might,1.0
might not,0.5
not be,0.16666666666666666
be the,0.1111111111111111
the modelâ€”it,0.021739130434782608
modelâ€”it might,1.0
might be,0.5
be how,0.1111111111111111
how youâ€™re,0.14285714285714285
youâ€™re using,1.0
using it.,0.08333333333333333
it. #Deepseek,1.0
#Deepseek #LLM,1.0
#MachineLearning #NaturalLanguageProcessing,0.14285714285714285
#NaturalLanguageProcessing https://t.co/pWMtfXzXad,0.5
The Next,0.125
Next Frontier,1.0
Frontier in,1.0
in AI:,0.043478260869565216
AI: Consumer-Centric,1.0
Consumer-Centric Applications,1.0
Applications for,1.0
for Real-World,0.05555555555555555
Real-World Impact,1.0
Impact https://t.co/Lmw2I3NSsC,1.0
https://t.co/Lmw2I3NSsC #AI,1.0
#AI #LLM...,0.022222222222222223
#LLM... Like,1.0
Like and,0.5
and Follow,0.034482758620689655
Follow for,1.0
for more,0.05555555555555555
more QuantumBytz,0.16666666666666666
QuantumBytz updates!,1.0
updates! Subscribe,1.0
Subscribe to,1.0
to our,0.02857142857142857
our Telegram,0.2
Telegram channel,1.0
channel @quantumbytz.,1.0
AI tools,0.04
tools can,0.5
can refine,0.09090909090909091
refine your,0.5
your LLM,0.07142857142857142
LLM personal,0.1111111111111111
"personal statement,",1.0
"statement, but",1.0
but rememberâ€”authenticity,0.2
rememberâ€”authenticity is,1.0
is key.,0.041666666666666664
key. Admissions,1.0
Admissions teams,1.0
teams want,1.0
want YOUR,1.0
"YOUR voice,",1.0
"voice, not",1.0
not a,0.16666666666666666
a generic,0.02857142857142857
generic response.,0.5
response. Use,1.0
Use AI,0.5
AI ethically,0.04
ethically and,1.0
and stay,0.06896551724137931
stay true,0.3333333333333333
true to,1.0
to your,0.02857142857142857
your story.,0.07142857142857142
story. #LLMGuide,1.0
#LLMGuide #LLM,1.0
#LLM #LegalEducation,0.012345679012345678
#LegalEducation #LLMStatement,1.0
#LLMStatement https://t.co/XUOMfzzCB6,1.0
ğŸš€Can your,1.0
your language,0.07142857142857142
language model,0.5
model think,0.08333333333333333
think strategically?,1.0
strategically? ğŸ§ ,1.0
ğŸ§  SMART:,1.0
SMART: Boosting,1.0
Boosting LM,1.0
LM self-awareness,0.25
self-awareness to,1.0
to reduce,0.02857142857142857
reduce Tool,1.0
Tool Overuse,1.0
Overuse &amp;,1.0
&amp; optimize,0.07692307692307693
optimize reasoning!,0.5
reasoning! ğŸŒ,1.0
ğŸŒ https://t.co/zJQM7GcEFd,1.0
https://t.co/zJQM7GcEFd ğŸ“Š,1.0
ğŸ“Š https://t.co/oeogaduCLB,1.0
https://t.co/oeogaduCLB Smaller,1.0
"Smaller models,",1.0
"models, bigger",1.0
bigger brains.,1.0
brains. Smarter,1.0
Smarter tool,1.0
"tool use,",1.0
"use, better",1.0
better results!,1.0
results! ğŸ”¥,1.0
ğŸ”¥ #AI,0.2
#LLM https://t.co/KKsVgA8ViY,0.012345679012345678
Unlock #LLM,1.0
inference with,0.3333333333333333
with auto-scaling,0.05555555555555555
auto-scaling on,1.0
on @AWS,0.045454545454545456
@AWS EKS,1.0
EKS âœ¨,1.0
âœ¨ âœ…,0.5
âœ… Set,0.125
Set up,1.0
up EFA,0.16666666666666666
EFA networking,1.0
networking &amp;,1.0
&amp; EFS,0.07692307692307693
EFS storage,1.0
storage with,1.0
with NVLink-connected,0.05555555555555555
NVLink-connected H100,1.0
H100 GPUs,1.0
GPUs on,0.5
on P5.48xlarge,0.045454545454545456
P5.48xlarge âœ…,1.0
âœ… Deploy,0.125
Deploy multi-node,1.0
multi-node Triton,1.0
Triton Inference,1.0
Inference Server,0.5
Server +,1.0
+ TRT-LLM,0.3333333333333333
TRT-LLM to,1.0
to scale,0.02857142857142857
scale LLaMa,1.0
LLaMa 3.1,1.0
3.1 405B,1.0
405B models,1.0
models âœ…,0.5
âœ… Use,0.125
Use LeaderWorkerSet,0.5
LeaderWorkerSet &amp;,1.0
&amp; Prometheus,0.07692307692307693
Prometheus metrics,1.0
metrics forâ€¦,0.3333333333333333
forâ€¦ https://t.co/cVYXJaESIV,1.0
https://t.co/cVYXJaESIV https://t.co/LnDKbMk3Xd,1.0
Will software,1.0
software developers,0.5
developers soon,1.0
soon lose,1.0
lose their,1.0
their jobs,0.5
jobs to,0.5
to AI?,0.02857142857142857
AI? Itâ€™s,0.5
Itâ€™s not,1.0
not the,0.16666666666666666
the end,0.021739130434782608
end of,0.5
of programming,0.047619047619047616
programming but,0.3333333333333333
but â€œthe,0.2
â€œthe end,1.0
of programmingâ€https://t.co/ohx49e6COe,0.047619047619047616
programmingâ€https://t.co/ohx49e6COe #AI,1.0
#AI #datascience,0.022222222222222223
#datascience #machinelearning,1.0
#machinelearning #LLM,0.5
#LLM #code,0.012345679012345678
#code #coding,1.0
Free Course:,0.5
Course: Agentic,1.0
AI Essentials,0.04
Essentials for,1.0
for Managers,0.05555555555555555
Managers &amp;,1.0
&amp; Professionals,0.07692307692307693
Professionals ğŸ’¼,1.0
ğŸ’¼ ğŸ‘¨â€ğŸ’¼,1.0
ğŸ‘¨â€ğŸ’¼ Empower,1.0
Empower your,1.0
"your team,",0.07142857142857142
"team, gain",1.0
gain actionable,1.0
"actionable insights,",1.0
"insights, and",1.0
stay ahead,0.6666666666666666
ahead in,0.5
the AI-powered,0.021739130434782608
AI-powered world!,0.5
world! ğŸ‘‰,1.0
ğŸ‘‰ Join,0.25
Join Now:,1.0
Now: https://t.co/4GDwi20CA9,0.5
https://t.co/4GDwi20CA9 #FreeCourse,1.0
#FreeCourse #AIForBusiness,1.0
#AIForBusiness #LLM,1.0
#LLM #Managers,0.012345679012345678
#Managers #Innovation,1.0
#Innovation #AILeadership,1.0
AI is,0.04
is transforming,0.041666666666666664
transforming the,1.0
the way,0.021739130434782608
way we,1.0
we workâ€”but,0.16666666666666666
workâ€”but itâ€™s,1.0
itâ€™s also,1.0
also reshaping,0.5
reshaping the,1.0
the threat,0.021739130434782608
threat landscape.,1.0
landscape. Evolving,1.0
Evolving Solutions,0.5
Solutions is,1.0
is here,0.041666666666666664
here to,0.5
to help,0.02857142857142857
help you,0.4
you stay,0.1111111111111111
ahead of,0.5
of the,0.047619047619047616
the threats.,0.021739130434782608
threats. Read,1.0
Read the,0.3333333333333333
the 5,0.021739130434782608
5 Must-Know,0.3333333333333333
Must-Know Insights,1.0
Insights into,1.0
into the,0.5
the Evolving,0.021739130434782608
Evolving 2025,0.5
2025 Security,0.5
Security Landscape:,1.0
Landscape: https://t.co/0jmAR5r38i,1.0
https://t.co/0jmAR5r38i #Cybersecurity,1.0
#Cybersecurity #AI,1.0
#LLM https://t.co/muJiXS2co3,0.012345679012345678
New FrigidStealer,0.25
FrigidStealer Malware,1.0
Malware Targets,1.0
Targets macOS,1.0
macOS Users,1.0
Users via,1.0
via Fake,1.0
Fake Browser,1.0
Browser Updates,1.0
Updates https://t.co/2QAfAYRA5r,1.0
https://t.co/2QAfAYRA5r #llm,1.0
#llm #gpt,0.07692307692307693
#gpt #ai,1.0
#ai #cybersecurity,0.1
#cybersecurity #malware,1.0
#malware #threatdetection,1.0
#threatdetection #genai,1.0
#genai #soc,0.3333333333333333
#soc #cyberdefense,1.0
#cyberdefense #threatintel,1.0
#threatintel #threats,1.0
#threats #chatgpt,1.0
#chatgpt #gemini,1.0
#gemini #llama,0.5
#llama #nlp,0.5
#nlp #artificialintelligence,1.0
#artificialintelligence #digitaltransformation,1.0
#digitaltransformation https://t.co/mzttCPKBei,1.0
Ø£ÙˆÙ„ USB,1.0
USB ÙÙŠ,1.0
ÙÙŠ Ø§Ù„Ø¹Ø§Ù„Ù…,1.0
Ø§Ù„Ø¹Ø§Ù„Ù… ÙŠØ­Ù…Ù„,1.0
ÙŠØ­Ù…Ù„ Ù†Ù…ÙˆØ°Ø¬,1.0
Ù†Ù…ÙˆØ°Ø¬ Ù„ØºÙˆÙŠ,1.0
Ù„ØºÙˆÙŠ ÙƒØ¨ÙŠØ±!,1.0
ÙƒØ¨ÙŠØ±! ÙŠÙ…ÙƒÙ†Ùƒ,1.0
ÙŠÙ…ÙƒÙ†Ùƒ Ø§Ù„Ø¢Ù†,1.0
Ø§Ù„Ø¢Ù† ØªÙˆÙ„ÙŠØ¯,1.0
ØªÙˆÙ„ÙŠØ¯ Ù†ØµÙˆØµ,1.0
Ù†ØµÙˆØµ Ù…Ø¨Ø§Ø´Ø±Ø©,1.0
Ù…Ø¨Ø§Ø´Ø±Ø© Ù…Ù†,1.0
Ù…Ù† Ø§Ù„Ø°Ø§ÙƒØ±Ø©,1.0
Ø§Ù„Ø°Ø§ÙƒØ±Ø© Ø§Ù„ÙÙ„Ø§Ø´ÙŠØ©.,1.0
Ø§Ù„ÙÙ„Ø§Ø´ÙŠØ©. #LLM,1.0
#AI #USB,0.022222222222222223
#USB #innovation,1.0
#innovation https://t.co/pf6RkbFlac,0.3333333333333333
ğŸ’¡ Grok,1.0
Grok 3:,0.25
3: il,1.0
il nuovo,1.0
nuovo modello,1.0
modello AI,1.0
AI di,0.04
di xAI,1.0
xAI Ã¨,1.0
Ã¨ pronto,1.0
pronto a,1.0
a sfidare,0.02857142857142857
sfidare OpenAI,1.0
OpenAI https://t.co/Fcq1kwvokG,1.0
https://t.co/Fcq1kwvokG #ai,1.0
#ai #blog,0.1
#blog #elonmusk,1.0
#elonmusk #gemini,1.0
#gemini #grok,0.5
#grok #ia,1.0
#ia #llm,1.0
#llm #news,0.07692307692307693
#news #openai,0.5
#openai #picks,1.0
#picks #tech,1.0
#tech #tecnologia,0.5
#tecnologia #xai,1.0
#xai @elonmusk,0.5
@elonmusk @xai,0.3333333333333333
@ephremishac introduces,1.0
introduces the,1.0
the first,0.021739130434782608
first public,0.5
public Syriac,0.3333333333333333
Syriac HTR,0.5
HTR model,1.0
model on,0.08333333333333333
on @Transkribus,0.045454545454545456
@Transkribus helping,1.0
helping make,1.0
make Syriac,0.5
Syriac manuscripts,0.5
manuscripts more,1.0
more accessible.,0.16666666666666666
accessible. #digitalhumanities,1.0
#digitalhumanities #SyriacStudies,1.0
#SyriacStudies #history,1.0
#history #HTR,1.0
#HTR #Coding,1.0
#Coding #llm,1.0
#llm https://t.co/NjnbkaeVhw,0.07692307692307693
Karpathy tested,1.0
tested Grok,1.0
Grok 3.,0.25
3. It,1.0
It matches,0.3333333333333333
matches GPT,1.0
GPT in,1.0
in reasoning,0.043478260869565216
reasoning tasks.,0.3333333333333333
tasks. Solid,0.5
Solid progress,1.0
progress but,1.0
but still,0.2
still needs,1.0
needs work,1.0
work on,0.5
on humor.,0.045454545454545456
humor. #AI,1.0
#LLM #Tech,0.012345679012345678
#Tech https://t.co/vdUXv3QFQ5,1.0
Need to,0.5
to fine-tune,0.02857142857142857
fine-tune a,1.0
a public,0.02857142857142857
public LLM,0.3333333333333333
LLM with,0.1111111111111111
with your,0.05555555555555555
your companyâ€™s,0.07142857142857142
companyâ€™s data?,1.0
data? Speeding,1.0
Speeding these,1.0
these tasks,0.3333333333333333
tasks can,1.0
can help,0.18181818181818182
you build,0.1111111111111111
build your,0.5
AI solution,0.04
solution sooner.,1.0
sooner. How,1.0
How @Dell,0.3333333333333333
@Dell PowerEdge,1.0
PowerEdge R7615,1.0
R7615 servers,1.0
servers with,1.0
with @Broadcom,0.05555555555555555
@Broadcom 100GbE,1.0
100GbE NICs,1.0
NICs can,1.0
help accelerate,0.2
accelerate the,1.0
the process:,0.021739130434782608
process: https://t.co/svUw9TfV5Y,1.0
https://t.co/svUw9TfV5Y #AI,1.0
#LLM https://t.co/3sofhHVG7H,0.012345679012345678
@elonmusk @imPenny2x,0.3333333333333333
@WholeMarsBlog @ajtourville,0.5
@ajtourville @WallStreetMav,1.0
@WallStreetMav @themarketswork,1.0
@themarketswork @cb_doge,1.0
@cb_doge @mayemusk,1.0
@mayemusk @SawyerMerritt,1.0
@SawyerMerritt @WalterIsaacson,1.0
@WalterIsaacson @DogecoinNorway,1.0
@DogecoinNorway @AutismCapital,1.0
@AutismCapital @rpoo,0.5
@rpoo Sudden,1.0
Sudden rises,1.0
rises in,1.0
in #stocks,0.043478260869565216
#stocks or,1.0
or #cryptocurrencies,0.16666666666666666
#cryptocurrencies are,1.0
are easily,0.14285714285714285
easily publicizedâ€”the,1.0
publicizedâ€”the process,1.0
process must,1.0
must surely,1.0
surely be,1.0
be almost,0.1111111111111111
almost automatic,1.0
"automatic now,",1.0
"now, even",1.0
even without,1.0
without the,0.5
"the ""help""",0.021739130434782608
"""help"" of",1.0
of @OpenAI,0.047619047619047616
@OpenAI or,0.5
or @grok,0.16666666666666666
@grok or,0.5
or some,0.16666666666666666
some other,0.5
other #LLM,1.0
#LLM slush,0.012345679012345678
slush generator,1.0
generator to,1.0
to crank,0.02857142857142857
crank out,1.0
out #news,0.3333333333333333
#news #content,0.5
#content according,1.0
according to,1.0
to simple,0.02857142857142857
"simple formulae,",1.0
"formulae, e.g.",1.0
e.g. #StockMarket,1.0
#StockMarket spikes.,1.0
Our latest,0.5
latest #AI,1.0
#AI &amp;,0.022222222222222223
&amp; #DataEngineering,0.07692307692307693
#DataEngineering case,1.0
case study,1.0
study showcases,0.5
showcases how,1.0
we helped,0.16666666666666666
helped a,1.0
a financial,0.02857142857142857
financial company,1.0
company enhance,1.0
enhance data,0.5
data extraction,0.2
extraction accuracy,1.0
accuracy and,0.5
and scalability,0.034482758620689655
scalability using,1.0
using cutting-edge,0.08333333333333333
cutting-edge #LLM,0.5
#LLM optimization,0.012345679012345678
optimization and,0.5
and #AzureAI.,0.034482758620689655
#AzureAI. Read,1.0
the full,0.021739130434782608
full Case:https://t.co/AIox48m41j,1.0
Case:https://t.co/AIox48m41j Get,1.0
Get a,1.0
a quote,0.02857142857142857
quote today:,1.0
today: https://t.co/6wGoAURQVt,1.0
https://t.co/6wGoAURQVt https://t.co/MWsQpuSNay,1.0
