document_id,clean_text,sentiment
1892095836839956836,"Dobby: The best LLM personality, outperforming SOTA models. Compare with Llama 70B: https://t.co/lcFI4d7mhX #AI #LLM for a couple of seconds
Dobby: the ultimate LLM personalityâ€”outshining SOTA. Thanks, @confident_ai. Compare: https://t.co/lcFI4d7mhX
#AI #LLM 

@SentientAGI",Positive
1892093508346880020,"sn-news: #open #ai #ml #llm Researchers open source Sky-T1, a â€˜reasoningâ€™ AI model that can be trained for less than $450 https://t.co/0SpdH3rCVY",Negative
1892091762023317995,"Introducing Root Judge, a powerful mid-sized LLM that enables reliable and customizable LLM system evaluations. Trained on 384 AMD Radeon Instinctâ„¢ MI250X GPUs using the LUMI Supercomputer. #LLM #LLMs #evaluation #llm_as_a_judge #llama @RootSignals
Check: https://t.co/VBiCck3jM8 https://t.co/UhOXzSwjD5",Positive
1892090363415756880,El lado del mal - Perplexity Pro Deep Research: Gratis para todos los clientes de Movistar https://t.co/g6UjCKsysq #Perplexity #Movistar #TelefÃ³nica #IA #AI #GenAI #LLM #DeepResearch https://t.co/ATuoABm6wk,Neutral
1892089823545974850,"ã€ŒOn Context Utilization in Summarization with Large Language Modelsã€

LLMã¯100kãƒˆãƒ¼ã‚¯ãƒ³ã‚’è¶…ãˆã‚‹ã‚ˆã†ãªé•·ã„å…¥åŠ›ã‚³ãƒ³ãƒ†ã‚­ã‚¹ãƒˆã‚’æ‰±ãˆã‚‹ã‚ˆã†ã«ãªã£ãŸãŒã€è³ªå•å¿œç­”ã§ã¯ã€è¨€èªãƒ¢ãƒ‡ãƒ«ã¯å…¥åŠ›ã‚³ãƒ³ãƒ†ã‚­ã‚¹ãƒˆã®æ´»ç”¨ã«ã°ã‚‰ã¤ããŒã‚ã‚‹ã€‚

https://t.co/DY1ZLXL64O

#è«–æ–‡ #LLM #ã‚¨ãƒ³ã‚¸ãƒ‹ã‚¢ #ã‚¹ã‚¿ãƒ¼ãƒˆã‚¢ãƒƒãƒ—",Positive
1892089011210158511,"The Attention Mechanism That Skips the Chit-Chat!!ğŸš‹
ğŸ‘‰https://t.co/4tYbRSkIYF

#DeepSeek #attention #llm

DeepSeek dropped a new paperâ€”Natively trainable Sparse Attention (NSA), a new sparse attention mechanism that integrates hardware-optimized design with a hierarchical sparseâ€¦ https://t.co/4dCxmRtttH https://t.co/JHNHhCc2IK",Positive
1892085930443370889,DeepSeek in my Engineerâ€™s Eyes @rsstabs https://t.co/b8gvrByaiq #llm-applications #genai #deepseek #generative-ai-tools #machine-learning,Neutral
1892084133322494439,Qwen #LLM ... What it really means https://t.co/FchthtRpey,Positive
1892083995912892526,SGPT-3.0 #LLM #Grok3 #SGPT https://t.co/16zam6f49j https://t.co/aVTfKGkI7F,Neutral
1892083197124440408,"This domain name  is for sale.
https://t.co/kh2NrPtLSy    

#ai #jais #LLM  #domain #GPT 
#Arab #Arabic #Dubai #ABUDhabi
@AI_Arabic1 @Algorand_Arabic
 #Domains #domainsales #jaisai
#DomainNameForSae #chatbot
@G42ai @core42_ai @Inception_AI https://t.co/kJHm8ZOqho",Neutral
1892081016786850076,W&amp;Bã€LLMé–‹ç™ºã®å¼·åŠ›ãªå‘³æ–¹ï¼å®Ÿé¨“ç®¡ç†ã€ãƒã‚¤ãƒ‘ãƒ¼ãƒ‘ãƒ©ãƒ¡ãƒ¼ã‚¿èª¿æ•´ã€ãƒ¢ãƒ‡ãƒ«è©•ä¾¡ãŒç°¡å˜ã€‚ãƒ€ãƒƒã‚·ãƒ¥ãƒœãƒ¼ãƒ‰ã§é€²æ—æŠŠæ¡ã€ãƒãƒ¼ãƒ å…±æœ‰ã‚‚â—ã€‚Tracesæ©Ÿèƒ½ã§ãƒ‡ãƒãƒƒã‚°åŠ¹ç‡UPã€‚åŸºç›¤ãƒ¢ãƒ‡ãƒ«æ§‹ç¯‰ã€ãƒ•ã‚¡ã‚¤ãƒ³ãƒãƒ¥ãƒ¼ãƒ‹ãƒ³ã‚°ã€ã‚¢ãƒ—ãƒªé–‹ç™ºã«æœ€é©ã€‚ä»Šå¾Œã¯CI/CDè‡ªå‹•åŒ–ã‚‚æ´»ç”¨äºˆå®šã€‚#WeightsAndBiases #LLM #AI,Neutral
1892079700945600547,"ğŸ«µ https://t.co/gOsgK4BPyv

Â»Like human brains, large language models reason about diverse data in a general wayÂ« https://t.co/XJlMNzcaRX #AIagent #AI #ML #NLP #LLM #GenAI",Positive
1892079698525495332,"ğŸ«µ https://t.co/gOsgK4BPyv

Â»MIT spinout maps the bodyâ€™s metabolites to uncover the hidden drivers of diseaseÂ« https://t.co/141LyhjiZ0 #AIagent #AI #ML #NLP #LLM #GenAI",Negative
1892076650780610846,"Agent AI, ktÃ³ry sam podejmuje decyzje za Ciebie! Jak to dziaÅ‚a w praktyce? ğŸ˜±

Wbijaj, Å¼eby odsÅ‚uchaÄ‡ odcinek z @_overment  na:
ğŸ”´ YouTube: https://t.co/UKPeCY7CoO

#ai #sztucznainteligencja #llm https://t.co/UH2sZbHqGy",Neutral
1892075167607599448,"Need web/mobile clients to hit #LLM inference APIs directly, but providers don't offer an API where a server can acquire an ephemeral API key that expires in 15 mins or less. I shouldn't need to write up a proxy for this need. /cc @OpenAI @GoogleCloudTech @GroqInc @Azure @ollama",Negative
1892074884983029813,"How to grade LLMs? 5 essential metrics:

1ï¸âƒ£ Perplexity: Measures uncertainty.
2ï¸âƒ£ BLEU: Compares to reference.
3ï¸âƒ£ ROUGE: Evaluates summarization.
4ï¸âƒ£ Humans: Expert judgment.
5ï¸âƒ£ Task Specific: Goal performance.

#LLM #Evaluation #Metrics",Neutral
1892070606902022230,"Agentic AI Layers
Source:@brijpandeyji
#GenerativeAI #GenAI #LLM #LargeLanguageModel #DataScience #AI #NaturalLanguageProcessing #data #DataScience #BigData #datascientist #dataanalytics #datamanagement #datamining #dataengineer #agenticai #ArtificialIntelligence #MachineLearning https://t.co/ku5zhPTm7w",Neutral
1892063656684470470,"Today's the day!ğŸš€Join #openEuler and researchers from @uniofedinburgh, and @PKU1898, for an insightful workshop on the future of #operatingsystems, #heterogeneous systems, #LLM, and cutting-edge techs.
Register now: https://t.co/9C0T43j1FO
#opensource #OS https://t.co/9Sck0taXKo",Neutral
1892055255996620867,"An #AI that speaks your language, understands your data, and delivers relevant, reliable insights. ğŸ¤–ğŸ’­ - the power of Tailor-Made Local #LLM with @RedHat Â® AI

We build a model that works for you, without settling on generic #AI.

#LocalLLM #hallucination #GenAI https://t.co/KrHGVMA1Ye",Positive
1892054198461575244,"ğŸ“¢ Claude 3.5 Sonnet Just Dropped! ğŸš€
ğŸ”¹ 2x faster than Claude 3 Opus
âš¡ Beats GPT-4o in benchmarks
ğŸš€ Free on https://t.co/CQ9dr5JJXp &amp; API access
â“ Is this the new speed king?
Source: TechCrunch
#AI #LLM #Anthropic",Positive
1892052365563527670,SGPT-3.0 #LLM #Grok3 #SGPT https://t.co/MQTEGw2ixC https://t.co/VfPKKUAoy1,Neutral
1892049739782181091,Livebook ä¸Šã§æ—¥æœ¬èªãƒ†ã‚­ã‚¹ãƒˆåŸ‹ã‚è¾¼ã¿ãƒ¢ãƒ‡ãƒ« Ruri ã«ã‚ˆã‚‹ãƒ†ã‚­ã‚¹ãƒˆæ¤œç´¢ã‚’å®Ÿè£…ã™ã‚‹ï¼ˆOllama åˆ©ç”¨ï¼‰ https://t.co/8cvyhAKGuF #Qiita #MyElixirStatus #LLM @nakaji573ã‚ˆã‚Š,Neutral
1892049577290698931,Livebook ä¸Šã§æ—¥æœ¬èªãƒ†ã‚­ã‚¹ãƒˆåŸ‹ã‚è¾¼ã¿ãƒ¢ãƒ‡ãƒ« Ruri ã«ã‚ˆã‚‹ãƒ†ã‚­ã‚¹ãƒˆæ¤œç´¢ã‚’å®Ÿè£…ã™ã‚‹ https://t.co/Mhd157atv7 #Qiita #MyElixirStatus #LLM @nakaji573ã‚ˆã‚Š,Neutral
1892049240245010492,LLMç³»AIã®ç¤¾å†…æµ¸é€ãŒé€²ã‚ã°é€²ã‚€ã»ã©ã€ç”²ã€‘AIã‚’ä½¿ã„ã“ãªã—èºé€²ã™ã‚‹äººã€ã€ä¹™ã€‘AIã«æŒ¯ã‚Šå›ã•ã‚‹äººã€ã€ä¸™ã€‘AIå®Œå…¨ä¾å­˜ã§è‡ªå·±å–ªå¤±ã®äººã€ã®å·®ãŒéš›ç«‹ã£ã¦ãã‚‹ã€‚ç”²ä¹™ä¸™ã„ãšã‚Œã‚‚çµ„ç¹”ã«å±…ç¶šã‘ã‚‹ã®ã§ãƒãƒã‚¸ãƒ¡ãƒ³ãƒˆã®äººã¨ã—ã¦ã®èƒ½åŠ›ãŒæ±‚ã‚ã‚‰ã‚Œã‚‹ã‚ˆã†ã«ãªã‚‹ã€‚#LLM #ChatGPT #Copilot #FAQ,Neutral
1892045710662697225,"ğŸ”¥ My New Video Episode 2! ğŸ”¥

Learn AI &amp; Become an AI Engineer ğŸš€

ğŸ“¹ AI Products | Core Principles | Large Language Models

ğŸ‘‰ Watch Now: https://t.co/sH3sWD5IhW

#AI #AIEngineer #LearnAI #MachineLearning #TechEducation #Urdu #Hindi #LLM #DeepLearning",Positive
1892044199606014174,ã‚¤ãƒ¼ãƒ­ãƒ³ãƒã‚¹ã‚¯ã€Œåœ°çƒã§æœ€ã‚‚è³¢ã„AIã€ã¨å®£è¨€ãƒ¼ãƒ¼xAIã€æœ€æ–°AIãƒ¢ãƒ‡ãƒ«ã€ŒGrok 3ã€ã‚’æ­£å¼ãƒªãƒªãƒ¼ã‚¹ã€€æœ‰æ–™ä¼šå“¡å‘ã‘ã«æä¾›é–‹å§‹ | https://t.co/NtfQqftWUK  #LLM #search #reasoning #NLP #AI https://t.co/dYFPopxN5N,Neutral
1892042088864252408,"Amazon's COSMO, an AI system, will revolutionize online shopping. This ""Common Sense Knowledge Generation"" system powers Amazon Search, bridging the gap between queries &amp; intent. 

#amazon #geo #genai #llm #performancemarketing #cosmo https://t.co/E98bCH1mkp",Negative
1892039165195248109,#Pienso æ˜¯ä¸€ä¸ª B2B äººå·¥æ™ºèƒ½å¹³å°ï¼Œå®ƒåˆ©ç”¨æ–‡æœ¬æ•°æ®è¿›è¡Œæ´å¯ŸåŠ›ç”Ÿæˆã€æ–‡æ¡£æ™ºèƒ½å’Œå†…å®¹ç®¡ç†ã€‚ #AI #LLM https://t.co/b5ewNHTStZ,Neutral
1892038658934313381,"Rio Yokota of Institute of Science Tokyo (new name for Titech) giving an update on #LLM work using #supercomputers in Japan at #MW25NZ mixed with an excellent overall discussion of wider  international #AI evolution and advances

#HPC https://t.co/YH4oLAtbkY",Positive
1892032977376325905,"å®Ÿè·µçš„ãªãƒ—ãƒ­ãƒ³ãƒ—ãƒˆã‚¨ãƒ³ã‚¸ãƒ‹ã‚¢ãƒªãƒ³ã‚°æ‰‹æ³•ã‚’è§£èª¬
https://t.co/tl8z7G47a5

#ãƒ—ãƒ­ãƒ³ãƒ—ãƒˆã‚¨ãƒ³ã‚¸ãƒ‹ã‚¢ãƒªãƒ³ã‚° #LLM",Neutral
1892032187806986278,"This MCP server allows automation of interactions with WordPress sites through the WordPress REST API using JSON-RPC 2.0 protocol.

https://t.co/7AiSgQslkI

#mcp #AI #llm #lrm #WordPress  #Automation",Neutral
1892031417292554391,"âš¡ AI just got faster!
Speculative Decoding speeds up LLMs by 2xâ€“3x using a draft model + verification model approach.
âœ… Faster AI responses âœ… Retains accuracy âœ… Integrated in LM Studio 0.3.10
ğŸ”— Read more: 
 https://t.co/fb6bZLk7xs

 #LLM #SpeculativeDecoding #LMStudio https://t.co/Yuzi742O9C",Positive
1892031177424298367,"Grok 3 tops LM Marina leaderboard! Smart, ""mostly uncensored"", text-to-video, future ""Super Grok"" sub. Direct Twitter data access, truth-focused, Colossus-trained. Passed vibe check with Spel code. #AI #Grok3 #LLM",Positive
1892026118363828668,ğŸ‰Amazing work! ğŸ“Weâ€™re delighted that #myCobot280 M5 could support your study on vision control using large-scale vision-language models.  Keep pushing boundaries! ğŸ¤–Keep up the amazing work!ğŸš€Learn moreğŸ‘‰https://t.co/NqtmLEG2FU #Robotics #TechInnovation #AI #LLM #M5Stack https://t.co/QW20X4ANY0,Positive
1892024830402429202,"Staffing Magazineæ›´æ–°ï¼
æœ¬æ—¥ã¯ã€ã€ŒAIé–‹ç™ºã®æ–°æ‰‹æ³•ã€LIMOã€ã€æ•°ç™¾ä»¶ã®ãƒ‡ãƒ¼ã‚¿ã§å®Ÿç¾ã™ã‚‹é«˜æ€§èƒ½åŒ–ã€ã«ã¤ã„ã¦è§£èª¬ã—ã¦ã„ã¾ã™ã€‚
ãœã²ãƒã‚§ãƒƒã‚¯ã—ã¦ã¿ã¦ãã ã•ã„ï¼
 #LIMO #LLM #AIProfessional
https://t.co/tKnGIMHRYz",Neutral
1892023449679233438,"xAI, 'ì„¸ê³„ì—ì„œ ê°€ì¥ ë˜‘ë˜‘í•œ' Grok-3 ì¶œì‹œ...ì¶”ë¡  ëª¨ë¸ 'DeepSearch'ë„ ë°œí‘œ (ì¶œì²˜:aitimes)
-xAIëŠ” 17ì¼ X(íŠ¸ìœ„í„°) ì´ë²¤íŠ¸ë¥¼ í†µí•´ ê·¸ë¡-3ë¥¼ ë°œí‘œ.
-ì„¸ê³„ ìµœëŒ€ì˜ AI ë°ì´í„°ì„¼í„° 'ì½œë¡œì„œìŠ¤'ì—ì„œ í›ˆë ¨ëœ ê²ƒìœ¼ë¡œ, ê°ì¢… ë²¤ì¹˜ë§ˆí¬ì—ì„œ í˜„ì¡´ ìµœê°•ì¸ ì˜¤í”ˆAI ë° ë”¥ì‹œí¬ë¥¼ ëŠ¥ê°€. 
#grok3 #llm #xai #wonwizard https://t.co/dE8LedvfT0",Neutral
1892022865542644105,â€œã€ŒAIã®åˆ©ç”¨ãƒ»é–‹ç™ºã«é–¢ã™ã‚‹å¥‘ç´„ãƒã‚§ãƒƒã‚¯ãƒªã‚¹ãƒˆã€ã‚’å–ã‚Šã¾ã¨ã‚ã¾ã—ãŸ ï¼ˆMETI/çµŒæ¸ˆç”£æ¥­çœï¼‰â€ https://t.co/PXlkLsSMXy #ai #LLM #å¥‘ç´„ #d,Neutral
1892018743871406437,Hack infiltration and recovery services? Inbox me for help. #llm #largelanguagemodels #ai #rag #finetuning #machinelearning #à¹à¸–à¸¥à¸‡à¸‚à¹ˆà¸²à¸§à¸‡à¸²à¸™à¸šà¸­à¸¥55à¸›à¸µà¸Šà¹ˆà¸­à¸‡3 #ãƒ”ãƒƒã‚³ãƒã§ãƒã‚¤æ´» https://t.co/rImvTVwpUq,Neutral
1892017729898451077,"ğŸš€ A Comprehensive Overview of LLMs in DETAIL!
Written by top researchers &amp; students, this paper covers everything about Large Language Models in an easy-to-understand way.
ğŸ“– Read here ğŸ‘‰ https://t.co/GuqCas0uTA

#AI #MachineLearning #LLM #DeepLearning  @Setters_Ai",Positive
1892016270008037683,"ã€è«–æ–‡ã€‘è‡ªå·±é©å¿œå‹LLMã®æ–°æ™‚ä»£ã€Self-adaptive LLMsã€ã«ã¤ã„ã¦ç°¡å˜ã«çºã‚ã¦ã¿ã¾ã—ãŸ
https://t.co/O9aOEytCjC
#è«–æ–‡ #AI #LLM",Neutral
1892011737471218149,Sometimes you have to be careful what you ask for - what are the consequences of using #GenerativeAI ? As they say - moderation is key - the same applies to #GenAI usage ! https://t.co/0uCtxu53Ym #innovation #disruption #ArtificialIntelligence #LLM #AI #AIinnovation,Negative
1892009320025584102,GPT-4oã‚ˆã‚Šé«˜æ€§èƒ½ã†ãŸã†ã€ŒGrok 3ã€ãƒã‚¹ã‚¯æ°ã®xAIãŒãƒªãƒªãƒ¼ã‚¹ã€‚ã‚¦ã‚§ãƒ–ç‰ˆã¨iOSã‚¢ãƒ—ãƒªç‰ˆã§æä¾› | ãƒ†ã‚¯ãƒã‚¨ãƒƒã‚¸ TechnoEdge #LLM #search #reasoning #AI https://t.co/pim2itNof6,Neutral
1892006660413309414,ãƒã‚¹ã‚¯æ°ã®ï½˜ï¼¡ï¼©ã€å¯¾è©±å‹ç”Ÿæˆï¼¡ï¼©ã€Œã‚°ãƒ­ãƒƒã‚¯ï¼“ã€ã‚’ãƒªãƒªãƒ¼ã‚¹ | ãƒ­ã‚¤ã‚¿ãƒ¼ #chat #LLM #NLP #AI https://t.co/MwfAyxjJU6,Neutral
1892001203883507939,"How does AI understand you? 

Tokenization! 
Text breaks into ""tokens"" (words/sub-words), each getting a unique ID from a vocabulary. Like looking up a word, this ID is how LLMs understand. 
Tokenization: Text -&gt; Tokens -&gt; IDs (pre-defined vocab). Simple! 
#LLM #Tokenization #NLP",Positive
1891999387770904610,"LLMs boosting support? 5 powerful use cases:

1ï¸âƒ£ Chatbots: Automated convos.
2ï¸âƒ£ FAQs: Quick answers.
3ï¸âƒ£ Sentiment: Understand emotion.
4ï¸âƒ£ Personalize: Tailored exp.
5ï¸âƒ£ Auto Tickets: Streamline workflow.

#LLM #CustomerService #AI",Positive
1891998054896763071,"ã€è«–æ–‡ã€‘è‡ªå·±é©å¿œå‹LLMã®æ–°æ™‚ä»£ã€Self-adaptive LLMsã€ã«ã¤ã„ã¦ç°¡å˜ã«çºã‚ã¦ã¿ã¾ã—ãŸ
https://t.co/O9aOEyua9a
#è«–æ–‡ #AI #LLM",Neutral
1891994646894575866,"Agree, incredibly useful - the right amount of detail across the entire #LLM pipeline. I can't believe this is offered gratis from @karpathy . . . hyper-targeted knowledge diffusion, wow. https://t.co/SZ5hRYKw1S",Positive
1891993599211901320,"ã‚¦ã‚§ãƒ“ãƒŠãƒ¼é–‹å‚¬æ±ºå®šï¼
ã€Œç”ŸæˆAI x ãƒ†ã‚­ã‚¹ãƒˆåˆ†æã®é€²åŒ– ã€œ LLMã«ã‚ˆã‚‹æœ€æ–°ã®ãƒ†ã‚­ã‚¹ãƒˆç‰¹å¾´é‡ã¨ãƒ“ã‚¸ãƒã‚¹ã§ã®æ´»ç”¨æ³• ã€œã€
3æœˆ27æ—¥(æœ¨) 12:00ï½13:00
è¦–è´æ–¹æ³•:Zoom (å‚åŠ ç„¡æ–™)

https://t.co/GCtgpdXy13

#dotdata #ç”ŸæˆAI #ãƒ‡ãƒ¼ã‚¿æ´»ç”¨ #ãƒ‡ãƒ¼ã‚¿åˆ†æ #ãƒ†ã‚­ã‚¹ãƒˆåˆ†æ #DXæ¨é€² #LLM #ç‰¹å¾´é‡ #è‡ªç„¶è¨€èªå‡¦ç† #NLP https://t.co/i8wjidcC66",Neutral
1891992184708268548,"Pipelines optimize LLMs by handling data flow, tokenization, training, and inference efficiently. They enhance scalability, performance, and adaptability for AI applications. #LLM #AI #MachineLearning https://t.co/8MUhXD1qdC",Neutral
1891980364429574453,"ğŸ«µ https://t.co/gOsgK4BPyv

Â»Humaneâ€™s AI Pin is deadÂ« https://t.co/lQK0UDOzUr #AIagent #AI #ML #NLP #LLM #GenAI",Neutral
1891976975104753801,Wow - can #GenerativeAI help us be happier within ourselves &amp; satisfy our human urges ? These are strong claims - we're never going to stop using #GenAI - are we ? https://t.co/T3shkD4F16 #innovation #disruption #LLM #SLM #AgenticAI #AIinnovation #EthicalAI #TrustworthyAI l,Positive
1891970956694044688,"REVISTA DIGITAL DE FEBRERO 2025
EconomÃ­a, Gerencia y TecnologÃ­a
Sin ningÃºn registro 

â¡ï¸LÃ©ala ahora: https://t.co/tJeOyLRi47  âœ…

#IA #ML #DL #Cloud #LLM #BI 
#Technology #DigitalTransformation #Management
#Economy #Profit #Psychology  #Robot
#Crypto #Fintech #Banking #data https://t.co/VrsIjXw6UR",Neutral
1891967683358310464,"I just published a tutorial on how to use Temperature and Top P in Google AI Studio to control AI creativity and vocabulary. Hope you find it useful!

#LLM #AI 

https://t.co/OQSQR3g6mx",Positive
1891964296059371681,"7/ The experiments were conducted on Llama-3.2-1B-Instruct. More insights to come as I refine these techniques.

What are your thoughts on manipulating activation directions in LLMs? Letâ€™s discuss! #AI #LLM #MachineLearning #AISecurity #MLunlearning #MachineUnlearning",Positive
1891963029937381468,"4/n Example of feature ablation:

â“ Prompt: Where is California?
âœ… Baseline: California is a state in the western US.
âŒ Ablated: California can refer to different things depending on contextâ€¦ (but never states where it is)

#AI #NLP #LLM",Neutral
1891961826247594283,"Iâ€™ve been playing around with LLM activations and found some interesting insights.
Hereâ€™s what I found:ğŸ§µ
1/n
#AI #MachineLearning #LLM #Interpretability #alignment #opensource #AGI",Positive
1891958567277822404,"@pmarca @AravSrinivas Hence it seems safe to guess, M. @AravSrinivas, that you've implemented a proprietary ideological filter to make a #OpenSource Chinese #LLM, which would have no intrinsic biases on its own (those would be introduced in the training materials), acceptable to right-wing politics.",Positive
1891957998114701562,"@deepeval  did a great job framing a systematic approach for end tÃ¶ end #RAG evaluation 
https://t.co/waM0ZDhTDh
However can we do better? 
Can Hyperpameters optimization help â“ï¸
Check this discussion to get more insights 
https://t.co/YO2MAfITzY 
#LLM https://t.co/JdPtd92GjK",Positive
1891956071507300506,"IBM is stepping up the game! New small vision LM - Granite Vision 3.1, a 2B param model - with exceptional performance on visual document understanding. ğŸ“„ğŸ” 

This model was trained by fine-tuning a Granite LLM (Granite-3.1-2B-Instruct) with both image and text.

#research #llmâ€¦ https://t.co/6PRqcO5NLX https://t.co/RgAlBbhVIx",Positive
1891955880394125450,"Totday's Portfolio Summary
#StockMarkets #Arduino #ESP32 #Raspberrypi #Chihuahua #Stocks #Hodl #Python #Alpaca #Ollama #LLama3 #LLM #GPT https://t.co/upR1jozSD6",Neutral
1891951561774969100,"The rise of LLMs is revolutionizing how we learn, but recent research from The Wharton School shows that their efficiency may come at a cost: shallower knowledge. Active learning through web searches leads to deeper understanding and more unique insights.
#AI #LLM #Learning #Edu",Positive
1891950966456410149,"RAG systems hallucinate more than you think.
Without PROPER evaluation, youâ€™re:
âŒ Wasting $$$ on irrelevant data retrieval
âŒ Ignoring â€˜confidently wrongâ€™ answers
âŒ Missing critical gaps in real-time
But TRIAD flips the script. âš¡ï¸
#LLM #GenAI https://t.co/jMArMiAgC3",Negative
1891948443905425454,"Mhm, yeah. AI will take jobs away from software engineers. haha so funny.  

They'll assist everyone, they won't be as capable as the human brain.  

#AI #llm #tech https://t.co/NbB0EO4cJf",Positive
1891946039923388619,@ilyasut is right. Scaling Law is hitting its limit. #AI #LLM #Grok3,Positive
1891944237425426523,Letâ€™s free #LLM reasoning with unbiased open source model weights! â¤ï¸ğŸ“š https://t.co/V6sxgj011d,Positive
1891943929404084567,"ğŸ«µ https://t.co/gOsgK4BPyv

Â»Safe Superintelligence, Ilya Sutskeverâ€™s AI startup, is reportedly close to raising roughly $1BÂ« https://t.co/i9NklCzmnv #AIagent #AI #ML #NLP #LLM #GenAI",Negative
1891943908927570227,"@AutismCapital @balajis It's also quite false, M. @AutismCapital, because the #LLM is not intelligent and does not understand English, nor indeed any human language. @grok and @ChatGPTapp and @cohere and all the rest of these things are *not thinking*, remember? They can't tell truth from falsehood.",Negative
1891943419901039039,"Curious: Do we have benchmarks measuring Western #LLM biases? ğŸ§

My observation: topics like climate, energy, gender, health tend toward left-leaning narratives.

Even Grok shows this pattern - https://t.co/KohOmSkSmT (base &amp; proprietary, all negative = left leaning) #ai https://t.co/NwGCgVl0LY",Negative
1891942178425012740,"ğŸ”¥ #GitHub February Updates: Developer Experience Improvements ğŸ”¥

#ai #llm #coding ğŸ§µ ğŸ‘‡

ğŸ¤– #GPT4o #Copilot model now in public preview - trained on 275k+ repositories across 30+ programming languages https://t.co/GLQ3EmZF4B",Neutral
1891942001941283169,"Try this dobby out. its funnier them most of The LLM's out there. It is very refreshing and engaing.

Dobby is your that friend who can bitch about infront of you.

#Dobby #Sentient  #LLM https://t.co/CSd7rWaWPK",Positive
1891939518703599925,What is next in Radiology Generative AI? #LLM #AIAgent and beyond!! Great talk by @woojinrad @SocietyAbdRad @MoffittNews #SAR25 https://t.co/lJVFZJm7VV https://t.co/maMPx9K3Gy,Positive
1891937596164407618,"@imPenny2x @RobotJunkyard72 M. @imPenny2x, how is a hammer (a hand tool) like an #LLM? 

You can actually hurt yourself using a hammer, you know. It requires skill to use a hammer and not everyone can do it properly. Hammering nails is something you don't know how to do, Penny (i.e. it's hard work.)

~Chara",Negative
1891935942623027252,"English is the new programming language!!!
#PromptEngineering #AutonomousCoding #CoPilot #AI #GenAI #LLM https://t.co/oIucDy62PI",Positive
1891934545554907318,"ğŸŸ£ KAIST and DeepAuto #AI Researchers Propose InfiniteHiP: A Game-Changing Long-Context #LLM Framework for 3M-Token Inference on a Single GPU

Read more ğŸ‘‡ğŸ‘‡ 
https://t.co/IswWOQY2VP https://t.co/gtZwSgbcBS",Positive
1891933710217298043,"Koel-TTS from NVIDIA tackles LLM speech hallucinations using preference alignment + classifier-free guidance. Achieves SOTA intelligibility (0.51% CER) with less training data.
https://t.co/CiJgHzHDB4 

#SpeechAI #LLM #TTS https://t.co/1dICzpACD2",Negative
1891929811305611661,"New Blog: Challenging the Hype: Why AIâ€™s Path to General Intelligence Needs a Rethink - Part One

Read our Blog: https://t.co/CxKhU8Mn5l

#AISecurity #AIThirdParty #AICompliance #LLM #AGI #AIForGood https://t.co/Smayl7mC9v",Positive
1891928642592055580,"ğŸ“šâœ¨ Successful Pre-Synopsis Submission at CPJ Campus! âœ¨ğŸ“š

On 17th February 2025, CPJ College proudly conducted the Pre-Synopsis Submission for our LL.M. students, featuring the esteemed Dr. Anuj Kumar Vaksha, Professor at GGSIPU. 

#LLM #ResearchDevelopment #CPJCampus https://t.co/mMKGHl89AE",Positive
1891924075309654401,"@VadimYuryev @VadimYuryev Great Video: your enthusiasm is infectious, i am seeing the brilliance of Ã† #UNIFIEDMEMORY pool as opposed to separate hardware for the CPU &amp; GPU tasks. To be able to run an independent #LLM on hardware which requires 20+W &amp; fits in your palm.
https://t.co/AgN2PDpp9Z https://t.co/lN6CIkvN7W",Positive
1891924040891400503,"At NVIDIA, our collaboration with @tech_mahindra has been a testament to generative AI innovation, pioneering first dialect based Hindi #LLM Nemotron-4-Mini-Hindi-4B model using NVIDIA's stack. Watch the video.  
https://t.co/avkW63LdMM https://t.co/6IOG9J3aiv",Positive
1891923219617071198,"ğŸš€ #SQL Measures? In #BI?! ğŸ˜¯
Timbr's Semantic Metric Store makes metrics simple. 

âœ¨ No joins, no redundant calculations!
ğŸ” Reusable, consistent metrics across tools
âš¡ï¸ 90% faster dashboard delivery
ğŸ¤– #LLM integration for accurate insights

ğŸ‘‰ https://t.co/u5Y5rjEpKU",Positive
1891921655649227082,"The #Delegated #Chain o #Thought #Architecture. #DCoT #architecture #decouples #reasoning from #execution in #LLM by #centralizing reasoning in ""#modulith"" n #delegating execution #tasks 2 #specialized #modulesğŸ¤–

#ReAct #Toolformer #AIğŸ‘¾ #Tek_nikel54ğŸ¤– 
https://t.co/zioBP23Mlp https://t.co/p0gA3UjZG6",Neutral
1891921197358600625,"ğŸ«µ https://t.co/gOsgK4BPyv

Â»Thinking Machine Labs is ex-OpenAI CTO Mira Muratiâ€™s new startupÂ« https://t.co/iCfcYfH3Bs #AIagent #AI #ML #NLP #LLM #GenAI",Positive
1891919132406292759,"Not all shipments are created equal! ğŸš—ğŸ’¡ Our AI-powered priority system flags high-priority orders based on urgency, deadlines, and complexityâ€”ensuring they move seamlessly through the system. #shipcarssmarter https://t.co/vibstQyrdI
#carshipping #ai #llm #automotivelogistics https://t.co/vdNi1rWakc",Positive
1891916285841219787,"@elonmusk @charliekirk11 @TeamTrump @X @DOGE @imPenny2x @WholeMarsBlog @natemcgrady @GOP @RonaldReagan @jpodhoretz @p_m_robinson @DavidLimbaugh @JohnStossel @shaunmmaguire @lexfridman @pegobry_en @TheRabbitHole84 @charlesmurray I had roaring intellectual arguments, ""dialectic"" arguments that would cause M. @ConceptualJames or M. @curtis_yarvin or M. @realchrisrufo to faint dead away (then they'd revive and fart out ten #LLM books on the teensy little taste they had) with a Marxist Chilean exile.

~Chara",Negative
1891916104575975812,"If your AI model isnâ€™t giving you the right answers, the problem might not be the modelâ€”it might be how youâ€™re using it.

#Deepseek #LLM #AI #MachineLearning #NaturalLanguageProcessing https://t.co/pWMtfXzXad",Positive
1891914480256225524,The Next Frontier in AI: Consumer-Centric Applications for Real-World Impact https://t.co/Lmw2I3NSsC #AI #LLM... Like and Follow for more QuantumBytz updates! Subscribe to our Telegram channel @quantumbytz.,Positive
1891912384500961657,"AI tools can refine your LLM personal statement, but rememberâ€”authenticity is key. Admissions teams want YOUR voice, not a generic response. Use AI ethically and stay true to your story. 

#LLMGuide #LLM #LegalEducation #LLMStatement

https://t.co/XUOMfzzCB6",Positive
1891912158973145578,"ğŸš€Can your language model think strategically?
ğŸ§  SMART: Boosting LM self-awareness to reduce Tool Overuse &amp; optimize reasoning!
ğŸŒ https://t.co/zJQM7GcEFd
ğŸ“Š https://t.co/oeogaduCLB
Smaller models, bigger brains. Smarter tool use, better results! ğŸ”¥ #AI #LLM https://t.co/KKsVgA8ViY",Positive
1891910557130793021,"Unlock #LLM inference with auto-scaling on @AWS EKS âœ¨ 

âœ… Set up EFA networking &amp; EFS storage with NVLink-connected H100 GPUs on P5.48xlarge
âœ… Deploy multi-node Triton Inference Server + TRT-LLM to scale LLaMa 3.1 405B models
âœ… Use LeaderWorkerSet &amp; Prometheus metrics forâ€¦ https://t.co/cVYXJaESIV https://t.co/LnDKbMk3Xd",Neutral
1891908726371549432,Will software developers soon lose their jobs to AI? Itâ€™s not the end of programming but â€œthe end of programmingâ€https://t.co/ohx49e6COe  #AI #datascience #machinelearning #LLM #code #coding,Neutral
1891908063264706614,"ğŸš€ Free Course: Agentic AI Essentials for Managers &amp; Professionals ğŸ’¼

ğŸ‘¨â€ğŸ’¼ Empower your team, gain actionable insights, and stay ahead in the AI-powered world!

ğŸ‘‰ Join Now: https://t.co/4GDwi20CA9

#FreeCourse #AIForBusiness #LLM #Managers #Innovation #AILeadership",Positive
1891906789274235275,"AI is transforming the way we workâ€”but itâ€™s also reshaping the threat landscape. 

Evolving Solutions is here to help you stay ahead of the threats.

Read the 5 Must-Know Insights into the Evolving 2025 Security Landscape: https://t.co/0jmAR5r38i #Cybersecurity #AI #LLM https://t.co/muJiXS2co3",Neutral
1891905548422922587,"New FrigidStealer Malware Targets macOS Users via Fake Browser Updates

https://t.co/2QAfAYRA5r

#llm #gpt #ai #cybersecurity #malware #threatdetection #genai  #soc #cyberdefense #threatintel #threats #chatgpt #gemini #llama #nlp #artificialintelligence #digitaltransformation https://t.co/mzttCPKBei",Negative
1891903966046257378,"Ø£ÙˆÙ„ USB ÙÙŠ Ø§Ù„Ø¹Ø§Ù„Ù… ÙŠØ­Ù…Ù„ Ù†Ù…ÙˆØ°Ø¬ Ù„ØºÙˆÙŠ ÙƒØ¨ÙŠØ±! ÙŠÙ…ÙƒÙ†Ùƒ Ø§Ù„Ø¢Ù† ØªÙˆÙ„ÙŠØ¯ Ù†ØµÙˆØµ Ù…Ø¨Ø§Ø´Ø±Ø© Ù…Ù† Ø§Ù„Ø°Ø§ÙƒØ±Ø© Ø§Ù„ÙÙ„Ø§Ø´ÙŠØ©. 

#LLM #AI #USB #innovation
https://t.co/pf6RkbFlac",Neutral
1891902373057941563,"ğŸ’¡ Grok 3: il nuovo modello AI di xAI Ã¨ pronto a sfidare OpenAI

https://t.co/Fcq1kwvokG

#ai #blog #elonmusk #gemini #grok #ia #llm #news #openai #picks #tech #tecnologia #xai @elonmusk @xai",Neutral
1891900670401294391,"@ephremishac introduces the first public Syriac HTR model on @Transkribus helping make Syriac manuscripts more accessible. #digitalhumanities #SyriacStudies #history #HTR #Coding
#llm 

https://t.co/NjnbkaeVhw",Positive
1891898788635345362,Karpathy tested Grok 3. It matches GPT in reasoning tasks. Solid progress but still needs work on humor. #AI #LLM #Tech https://t.co/vdUXv3QFQ5,Neutral
1891895544622014733,Need to fine-tune a public LLM with your companyâ€™s data? Speeding these tasks can help you build your AI solution sooner. How @Dell PowerEdge R7615 servers with @Broadcom 100GbE NICs can help accelerate the process: https://t.co/svUw9TfV5Y #AI #LLM https://t.co/3sofhHVG7H,Neutral
1891893520564355405,"@elonmusk @imPenny2x @WholeMarsBlog @ajtourville @WallStreetMav @themarketswork @cb_doge @mayemusk @SawyerMerritt @WalterIsaacson @DogecoinNorway @AutismCapital @rpoo Sudden rises in #stocks or #cryptocurrencies are easily publicizedâ€”the process must surely be almost automatic now, even without the ""help"" of @OpenAI or @grok or some other #LLM slush generator to crank out #news #content according to simple formulae, e.g. #StockMarket spikes.",Positive
1891892174804889706,"Our latest #AI &amp; #DataEngineering case study showcases how we helped a financial company enhance data extraction accuracy and scalability using cutting-edge #LLM optimization and #AzureAI.

Read the full Case:https://t.co/AIox48m41j

Get a quote today: https://t.co/6wGoAURQVt https://t.co/MWsQpuSNay",Positive
