Trigram,Count
Dobby: The best,1
The best LLM,1
"best LLM personality,",1
"LLM personality, outperforming",1
"personality, outperforming SOTA",1
outperforming SOTA models.,1
SOTA models. Compare,1
models. Compare with,1
Compare with Llama,1
with Llama 70B:,1
Llama 70B: https://t.co/lcFI4d7mhX,1
70B: https://t.co/lcFI4d7mhX #AI,1
https://t.co/lcFI4d7mhX #AI #LLM,2
#AI #LLM for,1
#LLM for a,1
for a couple,1
a couple of,1
couple of seconds,1
of seconds Dobby:,1
seconds Dobby: the,1
Dobby: the ultimate,1
the ultimate LLM,1
ultimate LLM personalityâ€”outshining,1
LLM personalityâ€”outshining SOTA.,1
"personalityâ€”outshining SOTA. Thanks,",1
"SOTA. Thanks, @confident_ai.",1
"Thanks, @confident_ai. Compare:",1
@confident_ai. Compare: https://t.co/lcFI4d7mhX,1
Compare: https://t.co/lcFI4d7mhX #AI,1
#AI #LLM @SentientAGI,1
sn-news: #open #ai,1
#open #ai #ml,1
#ai #ml #llm,1
#ml #llm Researchers,1
#llm Researchers open,1
Researchers open source,1
"open source Sky-T1,",1
"source Sky-T1, a",1
"Sky-T1, a â€˜reasoningâ€™",1
a â€˜reasoningâ€™ AI,1
â€˜reasoningâ€™ AI model,1
AI model that,1
model that can,1
that can be,1
can be trained,1
be trained for,1
trained for less,1
for less than,1
less than $450,1
than $450 https://t.co/0SpdH3rCVY,1
"Introducing Root Judge,",1
"Root Judge, a",1
"Judge, a powerful",1
a powerful mid-sized,1
powerful mid-sized LLM,1
mid-sized LLM that,1
LLM that enables,1
that enables reliable,1
enables reliable and,1
reliable and customizable,1
and customizable LLM,1
customizable LLM system,1
LLM system evaluations.,1
system evaluations. Trained,1
evaluations. Trained on,1
Trained on 384,1
on 384 AMD,1
384 AMD Radeon,1
AMD Radeon Instinctâ„¢,1
Radeon Instinctâ„¢ MI250X,1
Instinctâ„¢ MI250X GPUs,1
MI250X GPUs using,1
GPUs using the,1
using the LUMI,1
the LUMI Supercomputer.,1
LUMI Supercomputer. #LLM,1
Supercomputer. #LLM #LLMs,1
#LLM #LLMs #evaluation,1
#LLMs #evaluation #llm_as_a_judge,1
#evaluation #llm_as_a_judge #llama,1
#llm_as_a_judge #llama @RootSignals,1
#llama @RootSignals Check:,1
@RootSignals Check: https://t.co/VBiCck3jM8,1
Check: https://t.co/VBiCck3jM8 https://t.co/UhOXzSwjD5,1
El lado del,1
lado del mal,1
del mal -,1
mal - Perplexity,1
- Perplexity Pro,1
Perplexity Pro Deep,1
Pro Deep Research:,1
Deep Research: Gratis,1
Research: Gratis para,1
Gratis para todos,1
para todos los,1
todos los clientes,1
los clientes de,1
clientes de Movistar,1
de Movistar https://t.co/g6UjCKsysq,1
Movistar https://t.co/g6UjCKsysq #Perplexity,1
https://t.co/g6UjCKsysq #Perplexity #Movistar,1
#Perplexity #Movistar #TelefÃ³nica,1
#Movistar #TelefÃ³nica #IA,1
#TelefÃ³nica #IA #AI,1
#IA #AI #GenAI,1
#AI #GenAI #LLM,2
#GenAI #LLM #DeepResearch,1
#LLM #DeepResearch https://t.co/ATuoABm6wk,1
ã€ŒOn Context Utilization,1
Context Utilization in,1
Utilization in Summarization,1
in Summarization with,1
Summarization with Large,1
with Large Language,1
Large Language Modelsã€,1
Language Modelsã€ LLMã¯100kãƒˆãƒ¼ã‚¯ãƒ³ã‚’è¶…ãˆã‚‹ã‚ˆã†ãªé•·ã„å…¥åŠ›ã‚³ãƒ³ãƒ†ã‚­ã‚¹ãƒˆã‚’æ‰±ãˆã‚‹ã‚ˆã†ã«ãªã£ãŸãŒã€è³ªå•å¿œç­”ã§ã¯ã€è¨€èªãƒ¢ãƒ‡ãƒ«ã¯å…¥åŠ›ã‚³ãƒ³ãƒ†ã‚­ã‚¹ãƒˆã®æ´»ç”¨ã«ã°ã‚‰ã¤ããŒã‚ã‚‹ã€‚,1
Modelsã€ LLMã¯100kãƒˆãƒ¼ã‚¯ãƒ³ã‚’è¶…ãˆã‚‹ã‚ˆã†ãªé•·ã„å…¥åŠ›ã‚³ãƒ³ãƒ†ã‚­ã‚¹ãƒˆã‚’æ‰±ãˆã‚‹ã‚ˆã†ã«ãªã£ãŸãŒã€è³ªå•å¿œç­”ã§ã¯ã€è¨€èªãƒ¢ãƒ‡ãƒ«ã¯å…¥åŠ›ã‚³ãƒ³ãƒ†ã‚­ã‚¹ãƒˆã®æ´»ç”¨ã«ã°ã‚‰ã¤ããŒã‚ã‚‹ã€‚ https://t.co/DY1ZLXL64O,1
LLMã¯100kãƒˆãƒ¼ã‚¯ãƒ³ã‚’è¶…ãˆã‚‹ã‚ˆã†ãªé•·ã„å…¥åŠ›ã‚³ãƒ³ãƒ†ã‚­ã‚¹ãƒˆã‚’æ‰±ãˆã‚‹ã‚ˆã†ã«ãªã£ãŸãŒã€è³ªå•å¿œç­”ã§ã¯ã€è¨€èªãƒ¢ãƒ‡ãƒ«ã¯å…¥åŠ›ã‚³ãƒ³ãƒ†ã‚­ã‚¹ãƒˆã®æ´»ç”¨ã«ã°ã‚‰ã¤ããŒã‚ã‚‹ã€‚ https://t.co/DY1ZLXL64O #è«–æ–‡,1
https://t.co/DY1ZLXL64O #è«–æ–‡ #LLM,1
#è«–æ–‡ #LLM #ã‚¨ãƒ³ã‚¸ãƒ‹ã‚¢,1
#LLM #ã‚¨ãƒ³ã‚¸ãƒ‹ã‚¢ #ã‚¹ã‚¿ãƒ¼ãƒˆã‚¢ãƒƒãƒ—,1
The Attention Mechanism,1
Attention Mechanism That,1
Mechanism That Skips,1
That Skips the,1
Skips the Chit-Chat!!ğŸš‹,1
the Chit-Chat!!ğŸš‹ ğŸ‘‰https://t.co/4tYbRSkIYF,1
Chit-Chat!!ğŸš‹ ğŸ‘‰https://t.co/4tYbRSkIYF #DeepSeek,1
ğŸ‘‰https://t.co/4tYbRSkIYF #DeepSeek #attention,1
#DeepSeek #attention #llm,1
#attention #llm DeepSeek,1
#llm DeepSeek dropped,1
DeepSeek dropped a,1
dropped a new,1
a new paperâ€”Natively,1
new paperâ€”Natively trainable,1
paperâ€”Natively trainable Sparse,1
trainable Sparse Attention,1
"Sparse Attention (NSA),",1
"Attention (NSA), a",1
"(NSA), a new",1
a new sparse,1
new sparse attention,1
sparse attention mechanism,1
attention mechanism that,1
mechanism that integrates,1
that integrates hardware-optimized,1
integrates hardware-optimized design,1
hardware-optimized design with,1
design with a,1
with a hierarchical,1
a hierarchical sparseâ€¦,1
hierarchical sparseâ€¦ https://t.co/4dCxmRtttH,1
sparseâ€¦ https://t.co/4dCxmRtttH https://t.co/JHNHhCc2IK,1
DeepSeek in my,1
in my Engineerâ€™s,1
my Engineerâ€™s Eyes,1
Engineerâ€™s Eyes @rsstabs,1
Eyes @rsstabs https://t.co/b8gvrByaiq,1
@rsstabs https://t.co/b8gvrByaiq #llm-applications,1
https://t.co/b8gvrByaiq #llm-applications #genai,1
#llm-applications #genai #deepseek,1
#genai #deepseek #generative-ai-tools,1
#deepseek #generative-ai-tools #machine-learning,1
Qwen #LLM ...,1
#LLM ... What,1
... What it,1
What it really,1
it really means,1
really means https://t.co/FchthtRpey,1
SGPT-3.0 #LLM #Grok3,2
#LLM #Grok3 #SGPT,2
#Grok3 #SGPT https://t.co/16zam6f49j,1
#SGPT https://t.co/16zam6f49j https://t.co/aVTfKGkI7F,1
This domain name,1
domain name is,1
name is for,1
is for sale.,1
for sale. https://t.co/kh2NrPtLSy,1
sale. https://t.co/kh2NrPtLSy #ai,1
https://t.co/kh2NrPtLSy #ai #jais,1
#ai #jais #LLM,1
#jais #LLM #domain,1
#LLM #domain #GPT,1
#domain #GPT #Arab,1
#GPT #Arab #Arabic,1
#Arab #Arabic #Dubai,1
#Arabic #Dubai #ABUDhabi,1
#Dubai #ABUDhabi @AI_Arabic1,1
#ABUDhabi @AI_Arabic1 @Algorand_Arabic,1
@AI_Arabic1 @Algorand_Arabic #Domains,1
@Algorand_Arabic #Domains #domainsales,1
#Domains #domainsales #jaisai,1
#domainsales #jaisai #DomainNameForSae,1
#jaisai #DomainNameForSae #chatbot,1
#DomainNameForSae #chatbot @G42ai,1
#chatbot @G42ai @core42_ai,1
@G42ai @core42_ai @Inception_AI,1
@core42_ai @Inception_AI https://t.co/kJHm8ZOqho,1
W&amp;Bã€LLMé–‹ç™ºã®å¼·åŠ›ãªå‘³æ–¹ï¼å®Ÿé¨“ç®¡ç†ã€ãƒã‚¤ãƒ‘ãƒ¼ãƒ‘ãƒ©ãƒ¡ãƒ¼ã‚¿èª¿æ•´ã€ãƒ¢ãƒ‡ãƒ«è©•ä¾¡ãŒç°¡å˜ã€‚ãƒ€ãƒƒã‚·ãƒ¥ãƒœãƒ¼ãƒ‰ã§é€²æ—æŠŠæ¡ã€ãƒãƒ¼ãƒ å…±æœ‰ã‚‚â—ã€‚Tracesæ©Ÿèƒ½ã§ãƒ‡ãƒãƒƒã‚°åŠ¹ç‡UPã€‚åŸºç›¤ãƒ¢ãƒ‡ãƒ«æ§‹ç¯‰ã€ãƒ•ã‚¡ã‚¤ãƒ³ãƒãƒ¥ãƒ¼ãƒ‹ãƒ³ã‚°ã€ã‚¢ãƒ—ãƒªé–‹ç™ºã«æœ€é©ã€‚ä»Šå¾Œã¯CI/CDè‡ªå‹•åŒ–ã‚‚æ´»ç”¨äºˆå®šã€‚#WeightsAndBiases #LLM #AI,1
ğŸ«µ https://t.co/gOsgK4BPyv Â»Like,1
https://t.co/gOsgK4BPyv Â»Like human,1
"Â»Like human brains,",1
"human brains, large",1
"brains, large language",1
large language models,1
language models reason,1
models reason about,1
reason about diverse,1
about diverse data,1
diverse data in,1
data in a,1
in a general,1
a general wayÂ«,1
general wayÂ« https://t.co/XJlMNzcaRX,1
wayÂ« https://t.co/XJlMNzcaRX #AIagent,1
https://t.co/XJlMNzcaRX #AIagent #AI,1
#AIagent #AI #ML,5
#AI #ML #NLP,5
#ML #NLP #LLM,5
#NLP #LLM #GenAI,5
ğŸ«µ https://t.co/gOsgK4BPyv Â»MIT,1
https://t.co/gOsgK4BPyv Â»MIT spinout,1
Â»MIT spinout maps,1
spinout maps the,1
maps the bodyâ€™s,1
the bodyâ€™s metabolites,1
bodyâ€™s metabolites to,1
metabolites to uncover,1
to uncover the,1
uncover the hidden,1
the hidden drivers,1
hidden drivers of,1
drivers of diseaseÂ«,1
of diseaseÂ« https://t.co/141LyhjiZ0,1
diseaseÂ« https://t.co/141LyhjiZ0 #AIagent,1
https://t.co/141LyhjiZ0 #AIagent #AI,1
"Agent AI, ktÃ³ry",1
"AI, ktÃ³ry sam",1
ktÃ³ry sam podejmuje,1
sam podejmuje decyzje,1
podejmuje decyzje za,1
decyzje za Ciebie!,1
za Ciebie! Jak,1
Ciebie! Jak to,1
Jak to dziaÅ‚a,1
to dziaÅ‚a w,1
dziaÅ‚a w praktyce?,1
w praktyce? ğŸ˜±,1
"praktyce? ğŸ˜± Wbijaj,",1
"ğŸ˜± Wbijaj, Å¼eby",1
"Wbijaj, Å¼eby odsÅ‚uchaÄ‡",1
Å¼eby odsÅ‚uchaÄ‡ odcinek,1
odsÅ‚uchaÄ‡ odcinek z,1
odcinek z @_overment,1
z @_overment na:,1
@_overment na: ğŸ”´,1
na: ğŸ”´ YouTube:,1
ğŸ”´ YouTube: https://t.co/UKPeCY7CoO,1
YouTube: https://t.co/UKPeCY7CoO #ai,1
https://t.co/UKPeCY7CoO #ai #sztucznainteligencja,1
#ai #sztucznainteligencja #llm,1
#sztucznainteligencja #llm https://t.co/UH2sZbHqGy,1
Need web/mobile clients,1
web/mobile clients to,1
clients to hit,1
to hit #LLM,1
hit #LLM inference,1
#LLM inference APIs,1
"inference APIs directly,",1
"APIs directly, but",1
"directly, but providers",1
but providers don't,1
providers don't offer,1
don't offer an,1
offer an API,1
an API where,1
API where a,1
where a server,1
a server can,1
server can acquire,1
can acquire an,1
acquire an ephemeral,1
an ephemeral API,1
ephemeral API key,1
API key that,1
key that expires,1
that expires in,1
expires in 15,1
in 15 mins,1
15 mins or,1
mins or less.,1
or less. I,1
less. I shouldn't,1
I shouldn't need,1
shouldn't need to,1
need to write,1
to write up,1
write up a,1
up a proxy,1
a proxy for,1
proxy for this,1
for this need.,1
this need. /cc,1
need. /cc @OpenAI,1
/cc @OpenAI @GoogleCloudTech,1
@OpenAI @GoogleCloudTech @GroqInc,1
@GoogleCloudTech @GroqInc @Azure,1
@GroqInc @Azure @ollama,1
How to grade,1
to grade LLMs?,1
grade LLMs? 5,1
LLMs? 5 essential,1
5 essential metrics:,1
essential metrics: 1ï¸âƒ£,1
metrics: 1ï¸âƒ£ Perplexity:,1
1ï¸âƒ£ Perplexity: Measures,1
Perplexity: Measures uncertainty.,1
Measures uncertainty. 2ï¸âƒ£,1
uncertainty. 2ï¸âƒ£ BLEU:,1
2ï¸âƒ£ BLEU: Compares,1
BLEU: Compares to,1
Compares to reference.,1
to reference. 3ï¸âƒ£,1
reference. 3ï¸âƒ£ ROUGE:,1
3ï¸âƒ£ ROUGE: Evaluates,1
ROUGE: Evaluates summarization.,1
Evaluates summarization. 4ï¸âƒ£,1
summarization. 4ï¸âƒ£ Humans:,1
4ï¸âƒ£ Humans: Expert,1
Humans: Expert judgment.,1
Expert judgment. 5ï¸âƒ£,1
judgment. 5ï¸âƒ£ Task,1
5ï¸âƒ£ Task Specific:,1
Task Specific: Goal,1
Specific: Goal performance.,1
Goal performance. #LLM,1
performance. #LLM #Evaluation,1
#LLM #Evaluation #Metrics,1
Agentic AI Layers,1
AI Layers Source:@brijpandeyji,1
Layers Source:@brijpandeyji #GenerativeAI,1
Source:@brijpandeyji #GenerativeAI #GenAI,1
#GenerativeAI #GenAI #LLM,1
#GenAI #LLM #LargeLanguageModel,1
#LLM #LargeLanguageModel #DataScience,1
#LargeLanguageModel #DataScience #AI,1
#DataScience #AI #NaturalLanguageProcessing,1
#AI #NaturalLanguageProcessing #data,1
#NaturalLanguageProcessing #data #DataScience,1
#data #DataScience #BigData,1
#DataScience #BigData #datascientist,1
#BigData #datascientist #dataanalytics,1
#datascientist #dataanalytics #datamanagement,1
#dataanalytics #datamanagement #datamining,1
#datamanagement #datamining #dataengineer,1
#datamining #dataengineer #agenticai,1
#dataengineer #agenticai #ArtificialIntelligence,1
#agenticai #ArtificialIntelligence #MachineLearning,1
#ArtificialIntelligence #MachineLearning https://t.co/ku5zhPTm7w,1
Today's the day!ğŸš€Join,1
the day!ğŸš€Join #openEuler,1
day!ğŸš€Join #openEuler and,1
#openEuler and researchers,1
and researchers from,1
"researchers from @uniofedinburgh,",1
"from @uniofedinburgh, and",1
"@uniofedinburgh, and @PKU1898,",1
"and @PKU1898, for",1
"@PKU1898, for an",1
for an insightful,1
an insightful workshop,1
insightful workshop on,1
workshop on the,1
on the future,1
the future of,1
"future of #operatingsystems,",1
"of #operatingsystems, #heterogeneous",1
"#operatingsystems, #heterogeneous systems,",1
"#heterogeneous systems, #LLM,",1
"systems, #LLM, and",1
"#LLM, and cutting-edge",1
and cutting-edge techs.,1
cutting-edge techs. Register,1
techs. Register now:,1
Register now: https://t.co/9C0T43j1FO,1
now: https://t.co/9C0T43j1FO #opensource,1
https://t.co/9C0T43j1FO #opensource #OS,1
#opensource #OS https://t.co/9Sck0taXKo,1
An #AI that,1
#AI that speaks,1
that speaks your,1
"speaks your language,",1
"your language, understands",1
"language, understands your",1
"understands your data,",1
"your data, and",1
"data, and delivers",1
"and delivers relevant,",1
"delivers relevant, reliable",1
"relevant, reliable insights.",1
reliable insights. ğŸ¤–ğŸ’­,1
insights. ğŸ¤–ğŸ’­ -,1
ğŸ¤–ğŸ’­ - the,1
- the power,1
the power of,1
power of Tailor-Made,1
of Tailor-Made Local,1
Tailor-Made Local #LLM,1
Local #LLM with,1
#LLM with @RedHat,1
with @RedHat Â®,1
@RedHat Â® AI,1
Â® AI We,1
AI We build,1
We build a,1
build a model,1
a model that,1
model that works,1
that works for,1
"works for you,",1
"for you, without",1
"you, without settling",1
without settling on,1
settling on generic,1
on generic #AI.,1
generic #AI. #LocalLLM,1
#AI. #LocalLLM #hallucination,1
#LocalLLM #hallucination #GenAI,1
#hallucination #GenAI https://t.co/KrHGVMA1Ye,1
ğŸ“¢ Claude 3.5,1
Claude 3.5 Sonnet,1
3.5 Sonnet Just,1
Sonnet Just Dropped!,1
Just Dropped! ğŸš€,1
Dropped! ğŸš€ ğŸ”¹,1
ğŸš€ ğŸ”¹ 2x,1
ğŸ”¹ 2x faster,1
2x faster than,1
faster than Claude,1
than Claude 3,1
Claude 3 Opus,1
3 Opus âš¡,1
Opus âš¡ Beats,1
âš¡ Beats GPT-4o,1
Beats GPT-4o in,1
GPT-4o in benchmarks,1
in benchmarks ğŸš€,1
benchmarks ğŸš€ Free,1
ğŸš€ Free on,1
Free on https://t.co/CQ9dr5JJXp,1
on https://t.co/CQ9dr5JJXp &amp;,1
https://t.co/CQ9dr5JJXp &amp; API,1
&amp; API access,1
API access â“,1
access â“ Is,1
â“ Is this,1
Is this the,1
this the new,1
the new speed,1
new speed king?,1
speed king? Source:,1
king? Source: TechCrunch,1
Source: TechCrunch #AI,1
TechCrunch #AI #LLM,1
#AI #LLM #Anthropic,1
#Grok3 #SGPT https://t.co/MQTEGw2ixC,1
#SGPT https://t.co/MQTEGw2ixC https://t.co/VfPKKUAoy1,1
Livebook ä¸Šã§æ—¥æœ¬èªãƒ†ã‚­ã‚¹ãƒˆåŸ‹ã‚è¾¼ã¿ãƒ¢ãƒ‡ãƒ« Ruri,2
ä¸Šã§æ—¥æœ¬èªãƒ†ã‚­ã‚¹ãƒˆåŸ‹ã‚è¾¼ã¿ãƒ¢ãƒ‡ãƒ« Ruri ã«ã‚ˆã‚‹ãƒ†ã‚­ã‚¹ãƒˆæ¤œç´¢ã‚’å®Ÿè£…ã™ã‚‹ï¼ˆOllama,1
Ruri ã«ã‚ˆã‚‹ãƒ†ã‚­ã‚¹ãƒˆæ¤œç´¢ã‚’å®Ÿè£…ã™ã‚‹ï¼ˆOllama åˆ©ç”¨ï¼‰,1
ã«ã‚ˆã‚‹ãƒ†ã‚­ã‚¹ãƒˆæ¤œç´¢ã‚’å®Ÿè£…ã™ã‚‹ï¼ˆOllama åˆ©ç”¨ï¼‰ https://t.co/8cvyhAKGuF,1
åˆ©ç”¨ï¼‰ https://t.co/8cvyhAKGuF #Qiita,1
https://t.co/8cvyhAKGuF #Qiita #MyElixirStatus,1
#Qiita #MyElixirStatus #LLM,2
#MyElixirStatus #LLM @nakaji573ã‚ˆã‚Š,2
ä¸Šã§æ—¥æœ¬èªãƒ†ã‚­ã‚¹ãƒˆåŸ‹ã‚è¾¼ã¿ãƒ¢ãƒ‡ãƒ« Ruri ã«ã‚ˆã‚‹ãƒ†ã‚­ã‚¹ãƒˆæ¤œç´¢ã‚’å®Ÿè£…ã™ã‚‹,1
Ruri ã«ã‚ˆã‚‹ãƒ†ã‚­ã‚¹ãƒˆæ¤œç´¢ã‚’å®Ÿè£…ã™ã‚‹ https://t.co/Mhd157atv7,1
ã«ã‚ˆã‚‹ãƒ†ã‚­ã‚¹ãƒˆæ¤œç´¢ã‚’å®Ÿè£…ã™ã‚‹ https://t.co/Mhd157atv7 #Qiita,1
https://t.co/Mhd157atv7 #Qiita #MyElixirStatus,1
LLMç³»AIã®ç¤¾å†…æµ¸é€ãŒé€²ã‚ã°é€²ã‚€ã»ã©ã€ç”²ã€‘AIã‚’ä½¿ã„ã“ãªã—èºé€²ã™ã‚‹äººã€ã€ä¹™ã€‘AIã«æŒ¯ã‚Šå›ã•ã‚‹äººã€ã€ä¸™ã€‘AIå®Œå…¨ä¾å­˜ã§è‡ªå·±å–ªå¤±ã®äººã€ã®å·®ãŒéš›ç«‹ã£ã¦ãã‚‹ã€‚ç”²ä¹™ä¸™ã„ãšã‚Œã‚‚çµ„ç¹”ã«å±…ç¶šã‘ã‚‹ã®ã§ãƒãƒã‚¸ãƒ¡ãƒ³ãƒˆã®äººã¨ã—ã¦ã®èƒ½åŠ›ãŒæ±‚ã‚ã‚‰ã‚Œã‚‹ã‚ˆã†ã«ãªã‚‹ã€‚#LLM #ChatGPT #Copilot,1
#ChatGPT #Copilot #FAQ,1
ğŸ”¥ My New,1
My New Video,1
New Video Episode,1
Video Episode 2!,1
Episode 2! ğŸ”¥,1
2! ğŸ”¥ Learn,1
ğŸ”¥ Learn AI,1
Learn AI &amp;,1
AI &amp; Become,1
&amp; Become an,1
Become an AI,1
an AI Engineer,1
AI Engineer ğŸš€,1
Engineer ğŸš€ ğŸ“¹,1
ğŸš€ ğŸ“¹ AI,1
ğŸ“¹ AI Products,1
AI Products |,1
Products | Core,1
| Core Principles,1
Core Principles |,1
Principles | Large,1
| Large Language,1
Large Language Models,2
Language Models ğŸ‘‰,1
Models ğŸ‘‰ Watch,1
ğŸ‘‰ Watch Now:,1
Watch Now: https://t.co/sH3sWD5IhW,1
Now: https://t.co/sH3sWD5IhW #AI,1
https://t.co/sH3sWD5IhW #AI #AIEngineer,1
#AI #AIEngineer #LearnAI,1
#AIEngineer #LearnAI #MachineLearning,1
#LearnAI #MachineLearning #TechEducation,1
#MachineLearning #TechEducation #Urdu,1
#TechEducation #Urdu #Hindi,1
#Urdu #Hindi #LLM,1
#Hindi #LLM #DeepLearning,1
ã‚¤ãƒ¼ãƒ­ãƒ³ãƒã‚¹ã‚¯ã€Œåœ°çƒã§æœ€ã‚‚è³¢ã„AIã€ã¨å®£è¨€ãƒ¼ãƒ¼xAIã€æœ€æ–°AIãƒ¢ãƒ‡ãƒ«ã€ŒGrok 3ã€ã‚’æ­£å¼ãƒªãƒªãƒ¼ã‚¹ æœ‰æ–™ä¼šå“¡å‘ã‘ã«æä¾›é–‹å§‹,1
3ã€ã‚’æ­£å¼ãƒªãƒªãƒ¼ã‚¹ æœ‰æ–™ä¼šå“¡å‘ã‘ã«æä¾›é–‹å§‹ |,1
æœ‰æ–™ä¼šå“¡å‘ã‘ã«æä¾›é–‹å§‹ | https://t.co/NtfQqftWUK,1
| https://t.co/NtfQqftWUK #LLM,1
https://t.co/NtfQqftWUK #LLM #search,1
#LLM #search #reasoning,2
#search #reasoning #NLP,1
#reasoning #NLP #AI,1
#NLP #AI https://t.co/dYFPopxN5N,1
"Amazon's COSMO, an",1
"COSMO, an AI",1
"an AI system,",1
"AI system, will",1
"system, will revolutionize",1
will revolutionize online,1
revolutionize online shopping.,1
online shopping. This,1
"shopping. This ""Common",1
"This ""Common Sense",1
"""Common Sense Knowledge",1
"Sense Knowledge Generation""",1
"Knowledge Generation"" system",1
"Generation"" system powers",1
system powers Amazon,1
"powers Amazon Search,",1
"Amazon Search, bridging",1
"Search, bridging the",1
bridging the gap,1
the gap between,1
gap between queries,1
between queries &amp;,1
queries &amp; intent.,1
&amp; intent. #amazon,1
intent. #amazon #geo,1
#amazon #geo #genai,1
#geo #genai #llm,1
#genai #llm #performancemarketing,1
#llm #performancemarketing #cosmo,1
#performancemarketing #cosmo https://t.co/E98bCH1mkp,1
#Pienso æ˜¯ä¸€ä¸ª B2B,1
æ˜¯ä¸€ä¸ª B2B äººå·¥æ™ºèƒ½å¹³å°ï¼Œå®ƒåˆ©ç”¨æ–‡æœ¬æ•°æ®è¿›è¡Œæ´å¯ŸåŠ›ç”Ÿæˆã€æ–‡æ¡£æ™ºèƒ½å’Œå†…å®¹ç®¡ç†ã€‚,1
B2B äººå·¥æ™ºèƒ½å¹³å°ï¼Œå®ƒåˆ©ç”¨æ–‡æœ¬æ•°æ®è¿›è¡Œæ´å¯ŸåŠ›ç”Ÿæˆã€æ–‡æ¡£æ™ºèƒ½å’Œå†…å®¹ç®¡ç†ã€‚ #AI,1
äººå·¥æ™ºèƒ½å¹³å°ï¼Œå®ƒåˆ©ç”¨æ–‡æœ¬æ•°æ®è¿›è¡Œæ´å¯ŸåŠ›ç”Ÿæˆã€æ–‡æ¡£æ™ºèƒ½å’Œå†…å®¹ç®¡ç†ã€‚ #AI #LLM,1
#AI #LLM https://t.co/b5ewNHTStZ,1
Rio Yokota of,1
Yokota of Institute,1
of Institute of,1
Institute of Science,1
of Science Tokyo,1
Science Tokyo (new,1
Tokyo (new name,1
(new name for,1
name for Titech),1
for Titech) giving,1
Titech) giving an,1
giving an update,1
an update on,1
update on #LLM,1
on #LLM work,1
#LLM work using,1
work using #supercomputers,1
using #supercomputers in,1
#supercomputers in Japan,1
in Japan at,1
Japan at #MW25NZ,1
at #MW25NZ mixed,1
#MW25NZ mixed with,1
mixed with an,1
with an excellent,1
an excellent overall,1
excellent overall discussion,1
overall discussion of,1
discussion of wider,1
of wider international,1
wider international #AI,1
international #AI evolution,1
#AI evolution and,1
evolution and advances,1
and advances #HPC,1
advances #HPC https://t.co/YH4oLAtbkY,1
å®Ÿè·µçš„ãªãƒ—ãƒ­ãƒ³ãƒ—ãƒˆã‚¨ãƒ³ã‚¸ãƒ‹ã‚¢ãƒªãƒ³ã‚°æ‰‹æ³•ã‚’è§£èª¬ https://t.co/tl8z7G47a5 #ãƒ—ãƒ­ãƒ³ãƒ—ãƒˆã‚¨ãƒ³ã‚¸ãƒ‹ã‚¢ãƒªãƒ³ã‚°,1
https://t.co/tl8z7G47a5 #ãƒ—ãƒ­ãƒ³ãƒ—ãƒˆã‚¨ãƒ³ã‚¸ãƒ‹ã‚¢ãƒªãƒ³ã‚° #LLM,1
This MCP server,1
MCP server allows,1
server allows automation,1
allows automation of,1
automation of interactions,1
of interactions with,1
interactions with WordPress,1
with WordPress sites,1
WordPress sites through,1
sites through the,1
through the WordPress,1
the WordPress REST,1
WordPress REST API,1
REST API using,1
API using JSON-RPC,1
using JSON-RPC 2.0,1
JSON-RPC 2.0 protocol.,1
2.0 protocol. https://t.co/7AiSgQslkI,1
protocol. https://t.co/7AiSgQslkI #mcp,1
https://t.co/7AiSgQslkI #mcp #AI,1
#mcp #AI #llm,1
#AI #llm #lrm,1
#llm #lrm #WordPress,1
#lrm #WordPress #Automation,1
âš¡ AI just,1
AI just got,1
just got faster!,1
got faster! Speculative,1
faster! Speculative Decoding,1
Speculative Decoding speeds,1
Decoding speeds up,1
speeds up LLMs,1
up LLMs by,1
LLMs by 2xâ€“3x,1
by 2xâ€“3x using,1
2xâ€“3x using a,1
using a draft,1
a draft model,1
draft model +,1
model + verification,1
+ verification model,1
verification model approach.,1
model approach. âœ…,1
approach. âœ… Faster,1
âœ… Faster AI,1
Faster AI responses,1
AI responses âœ…,1
responses âœ… Retains,1
âœ… Retains accuracy,1
Retains accuracy âœ…,1
accuracy âœ… Integrated,1
âœ… Integrated in,1
Integrated in LM,1
in LM Studio,1
LM Studio 0.3.10,1
Studio 0.3.10 ğŸ”—,1
0.3.10 ğŸ”— Read,1
ğŸ”— Read more:,1
Read more: https://t.co/fb6bZLk7xs,1
more: https://t.co/fb6bZLk7xs #LLM,1
https://t.co/fb6bZLk7xs #LLM #SpeculativeDecoding,1
#LLM #SpeculativeDecoding #LMStudio,1
#SpeculativeDecoding #LMStudio https://t.co/Yuzi742O9C,1
Grok 3 tops,1
3 tops LM,1
tops LM Marina,1
LM Marina leaderboard!,1
"Marina leaderboard! Smart,",1
"leaderboard! Smart, ""mostly",1
"Smart, ""mostly uncensored"",",1
"""mostly uncensored"", text-to-video,",1
"uncensored"", text-to-video, future",1
"text-to-video, future ""Super",1
"future ""Super Grok""",1
"""Super Grok"" sub.",1
"Grok"" sub. Direct",1
sub. Direct Twitter,1
Direct Twitter data,1
"Twitter data access,",1
"data access, truth-focused,",1
"access, truth-focused, Colossus-trained.",1
"truth-focused, Colossus-trained. Passed",1
Colossus-trained. Passed vibe,1
Passed vibe check,1
vibe check with,1
check with Spel,1
with Spel code.,1
Spel code. #AI,1
code. #AI #Grok3,1
#AI #Grok3 #LLM,1
ğŸ‰Amazing work! ğŸ“Weâ€™re,1
work! ğŸ“Weâ€™re delighted,1
ğŸ“Weâ€™re delighted that,1
delighted that #myCobot280,1
that #myCobot280 M5,1
#myCobot280 M5 could,1
M5 could support,1
could support your,1
support your study,1
your study on,1
study on vision,1
on vision control,1
vision control using,1
control using large-scale,1
using large-scale vision-language,1
large-scale vision-language models.,1
vision-language models. Keep,1
models. Keep pushing,1
Keep pushing boundaries!,1
pushing boundaries! ğŸ¤–Keep,1
boundaries! ğŸ¤–Keep up,1
ğŸ¤–Keep up the,1
up the amazing,1
the amazing work!ğŸš€Learn,1
amazing work!ğŸš€Learn moreğŸ‘‰https://t.co/NqtmLEG2FU,1
work!ğŸš€Learn moreğŸ‘‰https://t.co/NqtmLEG2FU #Robotics,1
moreğŸ‘‰https://t.co/NqtmLEG2FU #Robotics #TechInnovation,1
#Robotics #TechInnovation #AI,1
#TechInnovation #AI #LLM,1
#AI #LLM #M5Stack,1
#LLM #M5Stack https://t.co/QW20X4ANY0,1
Staffing Magazineæ›´æ–°ï¼ æœ¬æ—¥ã¯ã€ã€ŒAIé–‹ç™ºã®æ–°æ‰‹æ³•ã€LIMOã€ã€æ•°ç™¾ä»¶ã®ãƒ‡ãƒ¼ã‚¿ã§å®Ÿç¾ã™ã‚‹é«˜æ€§èƒ½åŒ–ã€ã«ã¤ã„ã¦è§£èª¬ã—ã¦ã„ã¾ã™ã€‚,1
Magazineæ›´æ–°ï¼ æœ¬æ—¥ã¯ã€ã€ŒAIé–‹ç™ºã®æ–°æ‰‹æ³•ã€LIMOã€ã€æ•°ç™¾ä»¶ã®ãƒ‡ãƒ¼ã‚¿ã§å®Ÿç¾ã™ã‚‹é«˜æ€§èƒ½åŒ–ã€ã«ã¤ã„ã¦è§£èª¬ã—ã¦ã„ã¾ã™ã€‚ ãœã²ãƒã‚§ãƒƒã‚¯ã—ã¦ã¿ã¦ãã ã•ã„ï¼,1
æœ¬æ—¥ã¯ã€ã€ŒAIé–‹ç™ºã®æ–°æ‰‹æ³•ã€LIMOã€ã€æ•°ç™¾ä»¶ã®ãƒ‡ãƒ¼ã‚¿ã§å®Ÿç¾ã™ã‚‹é«˜æ€§èƒ½åŒ–ã€ã«ã¤ã„ã¦è§£èª¬ã—ã¦ã„ã¾ã™ã€‚ ãœã²ãƒã‚§ãƒƒã‚¯ã—ã¦ã¿ã¦ãã ã•ã„ï¼ #LIMO,1
ãœã²ãƒã‚§ãƒƒã‚¯ã—ã¦ã¿ã¦ãã ã•ã„ï¼ #LIMO #LLM,1
#LIMO #LLM #AIProfessional,1
#LLM #AIProfessional https://t.co/tKnGIMHRYz,1
"xAI, 'ì„¸ê³„ì—ì„œ ê°€ì¥",1
'ì„¸ê³„ì—ì„œ ê°€ì¥ ë˜‘ë˜‘í•œ',1
ê°€ì¥ ë˜‘ë˜‘í•œ' Grok-3,1
ë˜‘ë˜‘í•œ' Grok-3 ì¶œì‹œ...ì¶”ë¡ ,1
Grok-3 ì¶œì‹œ...ì¶”ë¡  ëª¨ë¸,1
ì¶œì‹œ...ì¶”ë¡  ëª¨ë¸ 'DeepSearch'ë„,1
ëª¨ë¸ 'DeepSearch'ë„ ë°œí‘œ,1
'DeepSearch'ë„ ë°œí‘œ (ì¶œì²˜:aitimes),1
ë°œí‘œ (ì¶œì²˜:aitimes) -xAIëŠ”,1
(ì¶œì²˜:aitimes) -xAIëŠ” 17ì¼,1
-xAIëŠ” 17ì¼ X(íŠ¸ìœ„í„°),1
17ì¼ X(íŠ¸ìœ„í„°) ì´ë²¤íŠ¸ë¥¼,1
X(íŠ¸ìœ„í„°) ì´ë²¤íŠ¸ë¥¼ í†µí•´,1
ì´ë²¤íŠ¸ë¥¼ í†µí•´ ê·¸ë¡-3ë¥¼,1
í†µí•´ ê·¸ë¡-3ë¥¼ ë°œí‘œ.,1
ê·¸ë¡-3ë¥¼ ë°œí‘œ. -ì„¸ê³„,1
ë°œí‘œ. -ì„¸ê³„ ìµœëŒ€ì˜,1
-ì„¸ê³„ ìµœëŒ€ì˜ AI,1
ìµœëŒ€ì˜ AI ë°ì´í„°ì„¼í„°,1
AI ë°ì´í„°ì„¼í„° 'ì½œë¡œì„œìŠ¤'ì—ì„œ,1
ë°ì´í„°ì„¼í„° 'ì½œë¡œì„œìŠ¤'ì—ì„œ í›ˆë ¨ëœ,1
"'ì½œë¡œì„œìŠ¤'ì—ì„œ í›ˆë ¨ëœ ê²ƒìœ¼ë¡œ,",1
"í›ˆë ¨ëœ ê²ƒìœ¼ë¡œ, ê°ì¢…",1
"ê²ƒìœ¼ë¡œ, ê°ì¢… ë²¤ì¹˜ë§ˆí¬ì—ì„œ",1
ê°ì¢… ë²¤ì¹˜ë§ˆí¬ì—ì„œ í˜„ì¡´,1
ë²¤ì¹˜ë§ˆí¬ì—ì„œ í˜„ì¡´ ìµœê°•ì¸,1
í˜„ì¡´ ìµœê°•ì¸ ì˜¤í”ˆAI,1
ìµœê°•ì¸ ì˜¤í”ˆAI ë°,1
ì˜¤í”ˆAI ë° ë”¥ì‹œí¬ë¥¼,1
ë° ë”¥ì‹œí¬ë¥¼ ëŠ¥ê°€.,1
ë”¥ì‹œí¬ë¥¼ ëŠ¥ê°€. #grok3,1
ëŠ¥ê°€. #grok3 #llm,1
#grok3 #llm #xai,1
#llm #xai #wonwizard,1
#xai #wonwizard https://t.co/dE8LedvfT0,1
â€œã€ŒAIã®åˆ©ç”¨ãƒ»é–‹ç™ºã«é–¢ã™ã‚‹å¥‘ç´„ãƒã‚§ãƒƒã‚¯ãƒªã‚¹ãƒˆã€ã‚’å–ã‚Šã¾ã¨ã‚ã¾ã—ãŸ ï¼ˆMETI/çµŒæ¸ˆç”£æ¥­çœï¼‰â€ https://t.co/PXlkLsSMXy,1
ï¼ˆMETI/çµŒæ¸ˆç”£æ¥­çœï¼‰â€ https://t.co/PXlkLsSMXy #ai,1
https://t.co/PXlkLsSMXy #ai #LLM,1
#ai #LLM #å¥‘ç´„,1
#LLM #å¥‘ç´„ #d,1
Hack infiltration and,1
infiltration and recovery,1
and recovery services?,1
recovery services? Inbox,1
services? Inbox me,1
Inbox me for,1
me for help.,1
for help. #llm,1
help. #llm #largelanguagemodels,1
#llm #largelanguagemodels #ai,1
#largelanguagemodels #ai #rag,1
#ai #rag #finetuning,1
#rag #finetuning #machinelearning,1
#finetuning #machinelearning #à¹à¸–à¸¥à¸‡à¸‚à¹ˆà¸²à¸§à¸‡à¸²à¸™à¸šà¸­à¸¥55à¸›à¸µà¸Šà¹ˆà¸­à¸‡3,1
#machinelearning #à¹à¸–à¸¥à¸‡à¸‚à¹ˆà¸²à¸§à¸‡à¸²à¸™à¸šà¸­à¸¥55à¸›à¸µà¸Šà¹ˆà¸­à¸‡3 #ãƒ”ãƒƒã‚³ãƒã§ãƒã‚¤æ´»,1
#à¹à¸–à¸¥à¸‡à¸‚à¹ˆà¸²à¸§à¸‡à¸²à¸™à¸šà¸­à¸¥55à¸›à¸µà¸Šà¹ˆà¸­à¸‡3 #ãƒ”ãƒƒã‚³ãƒã§ãƒã‚¤æ´» https://t.co/rImvTVwpUq,1
ğŸš€ A Comprehensive,1
A Comprehensive Overview,1
Comprehensive Overview of,1
Overview of LLMs,1
of LLMs in,1
LLMs in DETAIL!,1
in DETAIL! Written,1
DETAIL! Written by,1
Written by top,1
by top researchers,1
top researchers &amp;,1
"researchers &amp; students,",1
"&amp; students, this",1
"students, this paper",1
this paper covers,1
paper covers everything,1
covers everything about,1
everything about Large,1
about Large Language,1
Language Models in,1
Models in an,1
in an easy-to-understand,1
an easy-to-understand way.,1
easy-to-understand way. ğŸ“–,1
way. ğŸ“– Read,1
ğŸ“– Read here,1
Read here ğŸ‘‰,1
here ğŸ‘‰ https://t.co/GuqCas0uTA,1
ğŸ‘‰ https://t.co/GuqCas0uTA #AI,1
https://t.co/GuqCas0uTA #AI #MachineLearning,1
#AI #MachineLearning #LLM,2
#MachineLearning #LLM #DeepLearning,1
#LLM #DeepLearning @Setters_Ai,1
ã€è«–æ–‡ã€‘è‡ªå·±é©å¿œå‹LLMã®æ–°æ™‚ä»£ã€Self-adaptive LLMsã€ã«ã¤ã„ã¦ç°¡å˜ã«çºã‚ã¦ã¿ã¾ã—ãŸ https://t.co/O9aOEytCjC,1
LLMsã€ã«ã¤ã„ã¦ç°¡å˜ã«çºã‚ã¦ã¿ã¾ã—ãŸ https://t.co/O9aOEytCjC #è«–æ–‡,1
https://t.co/O9aOEytCjC #è«–æ–‡ #AI,1
#è«–æ–‡ #AI #LLM,2
Sometimes you have,1
you have to,1
have to be,1
to be careful,1
be careful what,1
careful what you,1
what you ask,1
you ask for,1
ask for -,1
for - what,1
- what are,1
what are the,1
are the consequences,1
the consequences of,1
consequences of using,1
of using #GenerativeAI,1
using #GenerativeAI ?,1
#GenerativeAI ? As,1
? As they,1
As they say,1
they say -,1
say - moderation,1
- moderation is,1
moderation is key,1
is key -,1
key - the,1
- the same,1
the same applies,1
same applies to,1
applies to #GenAI,1
to #GenAI usage,1
#GenAI usage !,1
usage ! https://t.co/0uCtxu53Ym,1
! https://t.co/0uCtxu53Ym #innovation,1
https://t.co/0uCtxu53Ym #innovation #disruption,1
#innovation #disruption #ArtificialIntelligence,1
#disruption #ArtificialIntelligence #LLM,1
#ArtificialIntelligence #LLM #AI,1
#LLM #AI #AIinnovation,1
GPT-4oã‚ˆã‚Šé«˜æ€§èƒ½ã†ãŸã†ã€ŒGrok 3ã€ãƒã‚¹ã‚¯æ°ã®xAIãŒãƒªãƒªãƒ¼ã‚¹ã€‚ã‚¦ã‚§ãƒ–ç‰ˆã¨iOSã‚¢ãƒ—ãƒªç‰ˆã§æä¾› |,1
3ã€ãƒã‚¹ã‚¯æ°ã®xAIãŒãƒªãƒªãƒ¼ã‚¹ã€‚ã‚¦ã‚§ãƒ–ç‰ˆã¨iOSã‚¢ãƒ—ãƒªç‰ˆã§æä¾› | ãƒ†ã‚¯ãƒã‚¨ãƒƒã‚¸,1
| ãƒ†ã‚¯ãƒã‚¨ãƒƒã‚¸ TechnoEdge,1
ãƒ†ã‚¯ãƒã‚¨ãƒƒã‚¸ TechnoEdge #LLM,1
TechnoEdge #LLM #search,1
#search #reasoning #AI,1
#reasoning #AI https://t.co/pim2itNof6,1
ãƒã‚¹ã‚¯æ°ã®ï½˜ï¼¡ï¼©ã€å¯¾è©±å‹ç”Ÿæˆï¼¡ï¼©ã€Œã‚°ãƒ­ãƒƒã‚¯ï¼“ã€ã‚’ãƒªãƒªãƒ¼ã‚¹ | ãƒ­ã‚¤ã‚¿ãƒ¼,1
| ãƒ­ã‚¤ã‚¿ãƒ¼ #chat,1
ãƒ­ã‚¤ã‚¿ãƒ¼ #chat #LLM,1
#chat #LLM #NLP,1
#LLM #NLP #AI,1
#NLP #AI https://t.co/MwfAyxjJU6,1
How does AI,1
does AI understand,1
AI understand you?,1
understand you? Tokenization!,1
you? Tokenization! Text,1
Tokenization! Text breaks,1
Text breaks into,1
"breaks into ""tokens""",1
"into ""tokens"" (words/sub-words),",1
"""tokens"" (words/sub-words), each",1
"(words/sub-words), each getting",1
each getting a,1
getting a unique,1
a unique ID,1
unique ID from,1
ID from a,1
from a vocabulary.,1
a vocabulary. Like,1
vocabulary. Like looking,1
Like looking up,1
looking up a,1
"up a word,",1
"a word, this",1
"word, this ID",1
this ID is,1
ID is how,1
is how LLMs,1
how LLMs understand.,1
LLMs understand. Tokenization:,1
understand. Tokenization: Text,1
Tokenization: Text -&gt;,1
Text -&gt; Tokens,1
-&gt; Tokens -&gt;,1
Tokens -&gt; IDs,1
-&gt; IDs (pre-defined,1
IDs (pre-defined vocab).,1
(pre-defined vocab). Simple!,1
vocab). Simple! #LLM,1
Simple! #LLM #Tokenization,1
#LLM #Tokenization #NLP,1
LLMs boosting support?,1
boosting support? 5,1
support? 5 powerful,1
5 powerful use,1
powerful use cases:,1
use cases: 1ï¸âƒ£,1
cases: 1ï¸âƒ£ Chatbots:,1
1ï¸âƒ£ Chatbots: Automated,1
Chatbots: Automated convos.,1
Automated convos. 2ï¸âƒ£,1
convos. 2ï¸âƒ£ FAQs:,1
2ï¸âƒ£ FAQs: Quick,1
FAQs: Quick answers.,1
Quick answers. 3ï¸âƒ£,1
answers. 3ï¸âƒ£ Sentiment:,1
3ï¸âƒ£ Sentiment: Understand,1
Sentiment: Understand emotion.,1
Understand emotion. 4ï¸âƒ£,1
emotion. 4ï¸âƒ£ Personalize:,1
4ï¸âƒ£ Personalize: Tailored,1
Personalize: Tailored exp.,1
Tailored exp. 5ï¸âƒ£,1
exp. 5ï¸âƒ£ Auto,1
5ï¸âƒ£ Auto Tickets:,1
Auto Tickets: Streamline,1
Tickets: Streamline workflow.,1
Streamline workflow. #LLM,1
workflow. #LLM #CustomerService,1
#LLM #CustomerService #AI,1
ã€è«–æ–‡ã€‘è‡ªå·±é©å¿œå‹LLMã®æ–°æ™‚ä»£ã€Self-adaptive LLMsã€ã«ã¤ã„ã¦ç°¡å˜ã«çºã‚ã¦ã¿ã¾ã—ãŸ https://t.co/O9aOEyua9a,1
LLMsã€ã«ã¤ã„ã¦ç°¡å˜ã«çºã‚ã¦ã¿ã¾ã—ãŸ https://t.co/O9aOEyua9a #è«–æ–‡,1
https://t.co/O9aOEyua9a #è«–æ–‡ #AI,1
"Agree, incredibly useful",1
incredibly useful -,1
useful - the,1
- the right,1
the right amount,1
right amount of,1
amount of detail,1
of detail across,1
detail across the,1
across the entire,1
the entire #LLM,1
entire #LLM pipeline.,1
#LLM pipeline. I,1
pipeline. I can't,1
I can't believe,1
can't believe this,1
believe this is,1
this is offered,1
is offered gratis,1
offered gratis from,1
gratis from @karpathy,1
from @karpathy .,1
@karpathy . .,1
. . .,1
. . hyper-targeted,1
. hyper-targeted knowledge,1
"hyper-targeted knowledge diffusion,",1
"knowledge diffusion, wow.",1
"diffusion, wow. https://t.co/SZ5hRYKw1S",1
ã‚¦ã‚§ãƒ“ãƒŠãƒ¼é–‹å‚¬æ±ºå®šï¼ ã€Œç”ŸæˆAI x,1
ã€Œç”ŸæˆAI x ãƒ†ã‚­ã‚¹ãƒˆåˆ†æã®é€²åŒ–,1
x ãƒ†ã‚­ã‚¹ãƒˆåˆ†æã®é€²åŒ– ã€œ,1
ãƒ†ã‚­ã‚¹ãƒˆåˆ†æã®é€²åŒ– ã€œ LLMã«ã‚ˆã‚‹æœ€æ–°ã®ãƒ†ã‚­ã‚¹ãƒˆç‰¹å¾´é‡ã¨ãƒ“ã‚¸ãƒã‚¹ã§ã®æ´»ç”¨æ³•,1
ã€œ LLMã«ã‚ˆã‚‹æœ€æ–°ã®ãƒ†ã‚­ã‚¹ãƒˆç‰¹å¾´é‡ã¨ãƒ“ã‚¸ãƒã‚¹ã§ã®æ´»ç”¨æ³• ã€œã€,1
LLMã«ã‚ˆã‚‹æœ€æ–°ã®ãƒ†ã‚­ã‚¹ãƒˆç‰¹å¾´é‡ã¨ãƒ“ã‚¸ãƒã‚¹ã§ã®æ´»ç”¨æ³• ã€œã€ 3æœˆ27æ—¥(æœ¨),1
ã€œã€ 3æœˆ27æ—¥(æœ¨) 12:00ï½13:00,1
3æœˆ27æ—¥(æœ¨) 12:00ï½13:00 è¦–è´æ–¹æ³•:Zoom,1
12:00ï½13:00 è¦–è´æ–¹æ³•:Zoom (å‚åŠ ç„¡æ–™),1
è¦–è´æ–¹æ³•:Zoom (å‚åŠ ç„¡æ–™) https://t.co/GCtgpdXy13,1
(å‚åŠ ç„¡æ–™) https://t.co/GCtgpdXy13 #dotdata,1
https://t.co/GCtgpdXy13 #dotdata #ç”ŸæˆAI,1
#dotdata #ç”ŸæˆAI #ãƒ‡ãƒ¼ã‚¿æ´»ç”¨,1
#ç”ŸæˆAI #ãƒ‡ãƒ¼ã‚¿æ´»ç”¨ #ãƒ‡ãƒ¼ã‚¿åˆ†æ,1
#ãƒ‡ãƒ¼ã‚¿æ´»ç”¨ #ãƒ‡ãƒ¼ã‚¿åˆ†æ #ãƒ†ã‚­ã‚¹ãƒˆåˆ†æ,1
#ãƒ‡ãƒ¼ã‚¿åˆ†æ #ãƒ†ã‚­ã‚¹ãƒˆåˆ†æ #DXæ¨é€²,1
#ãƒ†ã‚­ã‚¹ãƒˆåˆ†æ #DXæ¨é€² #LLM,1
#DXæ¨é€² #LLM #ç‰¹å¾´é‡,1
#LLM #ç‰¹å¾´é‡ #è‡ªç„¶è¨€èªå‡¦ç†,1
#ç‰¹å¾´é‡ #è‡ªç„¶è¨€èªå‡¦ç† #NLP,1
#è‡ªç„¶è¨€èªå‡¦ç† #NLP https://t.co/i8wjidcC66,1
Pipelines optimize LLMs,1
optimize LLMs by,1
LLMs by handling,1
by handling data,1
"handling data flow,",1
"data flow, tokenization,",1
"flow, tokenization, training,",1
"tokenization, training, and",1
"training, and inference",1
and inference efficiently.,1
inference efficiently. They,1
efficiently. They enhance,1
"They enhance scalability,",1
"enhance scalability, performance,",1
"scalability, performance, and",1
"performance, and adaptability",1
and adaptability for,1
adaptability for AI,1
for AI applications.,1
AI applications. #LLM,1
applications. #LLM #AI,1
#LLM #AI #MachineLearning,2
#AI #MachineLearning https://t.co/8MUhXD1qdC,1
ğŸ«µ https://t.co/gOsgK4BPyv Â»Humaneâ€™s,1
https://t.co/gOsgK4BPyv Â»Humaneâ€™s AI,1
Â»Humaneâ€™s AI Pin,1
AI Pin is,1
Pin is deadÂ«,1
is deadÂ« https://t.co/lQK0UDOzUr,1
deadÂ« https://t.co/lQK0UDOzUr #AIagent,1
https://t.co/lQK0UDOzUr #AIagent #AI,1
Wow - can,1
- can #GenerativeAI,1
can #GenerativeAI help,1
#GenerativeAI help us,1
help us be,1
us be happier,1
be happier within,1
happier within ourselves,1
within ourselves &amp;,1
ourselves &amp; satisfy,1
&amp; satisfy our,1
satisfy our human,1
our human urges,1
human urges ?,1
urges ? These,1
? These are,1
These are strong,1
are strong claims,1
strong claims -,1
claims - we're,1
- we're never,1
we're never going,1
never going to,1
going to stop,1
to stop using,1
stop using #GenAI,1
using #GenAI -,1
#GenAI - are,1
- are we,1
are we ?,1
we ? https://t.co/T3shkD4F16,1
? https://t.co/T3shkD4F16 #innovation,1
https://t.co/T3shkD4F16 #innovation #disruption,1
#innovation #disruption #LLM,1
#disruption #LLM #SLM,1
#LLM #SLM #AgenticAI,1
#SLM #AgenticAI #AIinnovation,1
#AgenticAI #AIinnovation #EthicalAI,1
#AIinnovation #EthicalAI #TrustworthyAI,1
#EthicalAI #TrustworthyAI l,1
REVISTA DIGITAL DE,1
DIGITAL DE FEBRERO,1
DE FEBRERO 2025,1
"FEBRERO 2025 EconomÃ­a,",1
"2025 EconomÃ­a, Gerencia",1
"EconomÃ­a, Gerencia y",1
Gerencia y TecnologÃ­a,1
y TecnologÃ­a Sin,1
TecnologÃ­a Sin ningÃºn,1
Sin ningÃºn registro,1
ningÃºn registro â¡ï¸LÃ©ala,1
registro â¡ï¸LÃ©ala ahora:,1
â¡ï¸LÃ©ala ahora: https://t.co/tJeOyLRi47,1
ahora: https://t.co/tJeOyLRi47 âœ…,1
https://t.co/tJeOyLRi47 âœ… #IA,1
âœ… #IA #ML,1
#IA #ML #DL,1
#ML #DL #Cloud,1
#DL #Cloud #LLM,1
#Cloud #LLM #BI,1
#LLM #BI #Technology,1
#BI #Technology #DigitalTransformation,1
#Technology #DigitalTransformation #Management,1
#DigitalTransformation #Management #Economy,1
#Management #Economy #Profit,1
#Economy #Profit #Psychology,1
#Profit #Psychology #Robot,1
#Psychology #Robot #Crypto,1
#Robot #Crypto #Fintech,1
#Crypto #Fintech #Banking,1
#Fintech #Banking #data,1
#Banking #data https://t.co/VrsIjXw6UR,1
I just published,1
just published a,1
published a tutorial,1
a tutorial on,1
tutorial on how,1
on how to,1
how to use,1
to use Temperature,1
use Temperature and,1
Temperature and Top,1
and Top P,1
Top P in,1
P in Google,1
in Google AI,1
Google AI Studio,1
AI Studio to,1
Studio to control,1
to control AI,1
control AI creativity,1
AI creativity and,1
creativity and vocabulary.,1
and vocabulary. Hope,1
vocabulary. Hope you,1
Hope you find,1
you find it,1
find it useful!,1
it useful! #LLM,1
useful! #LLM #AI,1
#LLM #AI https://t.co/OQSQR3g6mx,1
7/ The experiments,1
The experiments were,1
experiments were conducted,1
were conducted on,1
conducted on Llama-3.2-1B-Instruct.,1
on Llama-3.2-1B-Instruct. More,1
Llama-3.2-1B-Instruct. More insights,1
More insights to,1
insights to come,1
to come as,1
come as I,1
as I refine,1
I refine these,1
refine these techniques.,1
these techniques. What,1
techniques. What are,1
What are your,1
are your thoughts,1
your thoughts on,1
thoughts on manipulating,1
on manipulating activation,1
manipulating activation directions,1
activation directions in,1
directions in LLMs?,1
in LLMs? Letâ€™s,1
LLMs? Letâ€™s discuss!,1
Letâ€™s discuss! #AI,1
discuss! #AI #LLM,1
#AI #LLM #MachineLearning,1
#LLM #MachineLearning #AISecurity,1
#MachineLearning #AISecurity #MLunlearning,1
#AISecurity #MLunlearning #MachineUnlearning,1
4/n Example of,1
Example of feature,1
of feature ablation:,1
feature ablation: â“,1
ablation: â“ Prompt:,1
â“ Prompt: Where,1
Prompt: Where is,1
Where is California?,1
is California? âœ…,1
California? âœ… Baseline:,1
âœ… Baseline: California,1
Baseline: California is,1
California is a,1
is a state,1
a state in,1
state in the,1
in the western,1
the western US.,1
western US. âŒ,1
US. âŒ Ablated:,1
âŒ Ablated: California,1
Ablated: California can,1
California can refer,1
can refer to,1
refer to different,1
to different things,1
different things depending,1
things depending on,1
depending on contextâ€¦,1
on contextâ€¦ (but,1
contextâ€¦ (but never,1
(but never states,1
never states where,1
states where it,1
where it is),1
it is) #AI,1
is) #AI #NLP,1
#AI #NLP #LLM,1
Iâ€™ve been playing,1
been playing around,1
playing around with,1
around with LLM,1
with LLM activations,1
LLM activations and,1
activations and found,1
and found some,1
found some interesting,1
some interesting insights.,1
interesting insights. Hereâ€™s,1
insights. Hereâ€™s what,1
Hereâ€™s what I,1
what I found:ğŸ§µ,1
I found:ğŸ§µ 1/n,1
found:ğŸ§µ 1/n #AI,1
1/n #AI #MachineLearning,1
#MachineLearning #LLM #Interpretability,1
#LLM #Interpretability #alignment,1
#Interpretability #alignment #opensource,1
#alignment #opensource #AGI,1
@pmarca @AravSrinivas Hence,1
@AravSrinivas Hence it,1
Hence it seems,1
it seems safe,1
seems safe to,1
"safe to guess,",1
"to guess, M.",1
"guess, M. @AravSrinivas,",1
"M. @AravSrinivas, that",1
"@AravSrinivas, that you've",1
that you've implemented,1
you've implemented a,1
implemented a proprietary,1
a proprietary ideological,1
proprietary ideological filter,1
ideological filter to,1
filter to make,1
to make a,1
make a #OpenSource,1
a #OpenSource Chinese,1
"#OpenSource Chinese #LLM,",1
"Chinese #LLM, which",1
"#LLM, which would",1
which would have,1
would have no,1
have no intrinsic,1
no intrinsic biases,1
intrinsic biases on,1
biases on its,1
on its own,1
its own (those,1
own (those would,1
(those would be,1
would be introduced,1
be introduced in,1
introduced in the,1
in the training,1
"the training materials),",1
"training materials), acceptable",1
"materials), acceptable to",1
acceptable to right-wing,1
to right-wing politics.,1
@deepeval did a,1
did a great,1
a great job,1
great job framing,1
job framing a,1
framing a systematic,1
a systematic approach,1
systematic approach for,1
approach for end,1
for end tÃ¶,1
end tÃ¶ end,1
tÃ¶ end #RAG,1
end #RAG evaluation,1
#RAG evaluation https://t.co/waM0ZDhTDh,1
evaluation https://t.co/waM0ZDhTDh However,1
https://t.co/waM0ZDhTDh However can,1
However can we,1
can we do,1
we do better?,1
do better? Can,1
better? Can Hyperpameters,1
Can Hyperpameters optimization,1
Hyperpameters optimization help,1
optimization help â“ï¸,1
help â“ï¸ Check,1
â“ï¸ Check this,1
Check this discussion,1
this discussion to,1
discussion to get,1
to get more,1
get more insights,1
more insights https://t.co/YO2MAfITzY,1
insights https://t.co/YO2MAfITzY #LLM,1
https://t.co/YO2MAfITzY #LLM https://t.co/JdPtd92GjK,1
IBM is stepping,1
is stepping up,1
stepping up the,1
up the game!,1
the game! New,1
game! New small,1
New small vision,1
small vision LM,1
vision LM -,1
LM - Granite,1
- Granite Vision,1
"Granite Vision 3.1,",1
"Vision 3.1, a",1
"3.1, a 2B",1
a 2B param,1
2B param model,1
param model -,1
model - with,1
- with exceptional,1
with exceptional performance,1
exceptional performance on,1
performance on visual,1
on visual document,1
visual document understanding.,1
document understanding. ğŸ“„ğŸ”,1
understanding. ğŸ“„ğŸ” This,1
ğŸ“„ğŸ” This model,1
This model was,1
model was trained,1
was trained by,1
trained by fine-tuning,1
by fine-tuning a,1
fine-tuning a Granite,1
a Granite LLM,1
Granite LLM (Granite-3.1-2B-Instruct),1
LLM (Granite-3.1-2B-Instruct) with,1
(Granite-3.1-2B-Instruct) with both,1
with both image,1
both image and,1
image and text.,1
and text. #research,1
text. #research #llmâ€¦,1
#research #llmâ€¦ https://t.co/6PRqcO5NLX,1
#llmâ€¦ https://t.co/6PRqcO5NLX https://t.co/RgAlBbhVIx,1
Totday's Portfolio Summary,1
Portfolio Summary #StockMarkets,1
Summary #StockMarkets #Arduino,1
#StockMarkets #Arduino #ESP32,1
#Arduino #ESP32 #Raspberrypi,1
#ESP32 #Raspberrypi #Chihuahua,1
#Raspberrypi #Chihuahua #Stocks,1
#Chihuahua #Stocks #Hodl,1
#Stocks #Hodl #Python,1
#Hodl #Python #Alpaca,1
#Python #Alpaca #Ollama,1
#Alpaca #Ollama #LLama3,1
#Ollama #LLama3 #LLM,1
#LLama3 #LLM #GPT,1
#LLM #GPT https://t.co/upR1jozSD6,1
The rise of,1
rise of LLMs,1
of LLMs is,1
LLMs is revolutionizing,1
is revolutionizing how,1
revolutionizing how we,1
"how we learn,",1
"we learn, but",1
"learn, but recent",1
but recent research,1
recent research from,1
research from The,1
from The Wharton,1
The Wharton School,1
Wharton School shows,1
School shows that,1
shows that their,1
that their efficiency,1
their efficiency may,1
efficiency may come,1
may come at,1
come at a,1
at a cost:,1
a cost: shallower,1
cost: shallower knowledge.,1
shallower knowledge. Active,1
knowledge. Active learning,1
Active learning through,1
learning through web,1
through web searches,1
web searches leads,1
searches leads to,1
leads to deeper,1
to deeper understanding,1
deeper understanding and,1
understanding and more,1
and more unique,1
more unique insights.,1
unique insights. #AI,1
insights. #AI #LLM,1
#AI #LLM #Learning,1
#LLM #Learning #Edu,1
RAG systems hallucinate,1
systems hallucinate more,1
hallucinate more than,1
more than you,1
than you think.,1
you think. Without,1
think. Without PROPER,1
"Without PROPER evaluation,",1
"PROPER evaluation, youâ€™re:",1
"evaluation, youâ€™re: âŒ",1
youâ€™re: âŒ Wasting,1
âŒ Wasting $$$,1
Wasting $$$ on,1
$$$ on irrelevant,1
on irrelevant data,1
irrelevant data retrieval,1
data retrieval âŒ,1
retrieval âŒ Ignoring,1
âŒ Ignoring â€˜confidently,1
Ignoring â€˜confidently wrongâ€™,1
â€˜confidently wrongâ€™ answers,1
wrongâ€™ answers âŒ,1
answers âŒ Missing,1
âŒ Missing critical,1
Missing critical gaps,1
critical gaps in,1
gaps in real-time,1
in real-time But,1
real-time But TRIAD,1
But TRIAD flips,1
TRIAD flips the,1
flips the script.,1
the script. âš¡ï¸,1
script. âš¡ï¸ #LLM,1
âš¡ï¸ #LLM #GenAI,1
#LLM #GenAI https://t.co/jMArMiAgC3,1
"Mhm, yeah. AI",1
yeah. AI will,1
AI will take,1
will take jobs,1
take jobs away,1
jobs away from,1
away from software,1
from software engineers.,1
software engineers. haha,1
engineers. haha so,1
haha so funny.,1
so funny. They'll,1
funny. They'll assist,1
"They'll assist everyone,",1
"assist everyone, they",1
"everyone, they won't",1
they won't be,1
won't be as,1
be as capable,1
as capable as,1
capable as the,1
as the human,1
the human brain.,1
human brain. #AI,1
brain. #AI #llm,1
#AI #llm #tech,1
#llm #tech https://t.co/NbB0EO4cJf,1
@ilyasut is right.,1
is right. Scaling,1
right. Scaling Law,1
Scaling Law is,1
Law is hitting,1
is hitting its,1
hitting its limit.,1
its limit. #AI,1
limit. #AI #LLM,1
#AI #LLM #Grok3,1
Letâ€™s free #LLM,1
free #LLM reasoning,1
#LLM reasoning with,1
reasoning with unbiased,1
with unbiased open,1
unbiased open source,1
open source model,1
source model weights!,1
model weights! â¤ï¸ğŸ“š,1
weights! â¤ï¸ğŸ“š https://t.co/V6sxgj011d,1
ğŸ«µ https://t.co/gOsgK4BPyv Â»Safe,1
"https://t.co/gOsgK4BPyv Â»Safe Superintelligence,",1
"Â»Safe Superintelligence, Ilya",1
"Superintelligence, Ilya Sutskeverâ€™s",1
Ilya Sutskeverâ€™s AI,1
"Sutskeverâ€™s AI startup,",1
"AI startup, is",1
"startup, is reportedly",1
is reportedly close,1
reportedly close to,1
close to raising,1
to raising roughly,1
raising roughly $1BÂ«,1
roughly $1BÂ« https://t.co/i9NklCzmnv,1
$1BÂ« https://t.co/i9NklCzmnv #AIagent,1
https://t.co/i9NklCzmnv #AIagent #AI,1
@AutismCapital @balajis It's,1
@balajis It's also,1
It's also quite,1
"also quite false,",1
"quite false, M.",1
"false, M. @AutismCapital,",1
"M. @AutismCapital, because",1
"@AutismCapital, because the",1
because the #LLM,1
the #LLM is,1
#LLM is not,1
is not intelligent,1
not intelligent and,1
intelligent and does,1
and does not,1
does not understand,1
"not understand English,",1
"understand English, nor",1
"English, nor indeed",1
nor indeed any,1
indeed any human,1
any human language.,1
human language. @grok,1
language. @grok and,1
@grok and @ChatGPTapp,1
and @ChatGPTapp and,1
@ChatGPTapp and @cohere,1
and @cohere and,1
@cohere and all,1
and all the,1
all the rest,1
the rest of,1
rest of these,1
of these things,1
these things are,1
things are *not,1
"are *not thinking*,",1
"*not thinking*, remember?",1
"thinking*, remember? They",1
remember? They can't,1
They can't tell,1
can't tell truth,1
tell truth from,1
truth from falsehood.,1
Curious: Do we,1
Do we have,1
we have benchmarks,1
have benchmarks measuring,1
benchmarks measuring Western,1
measuring Western #LLM,1
Western #LLM biases?,1
#LLM biases? ğŸ§,1
biases? ğŸ§ My,1
ğŸ§ My observation:,1
My observation: topics,1
observation: topics like,1
"topics like climate,",1
"like climate, energy,",1
"climate, energy, gender,",1
"energy, gender, health",1
"gender, health tend",1
health tend toward,1
tend toward left-leaning,1
toward left-leaning narratives.,1
left-leaning narratives. Even,1
narratives. Even Grok,1
Even Grok shows,1
Grok shows this,1
shows this pattern,1
this pattern -,1
pattern - https://t.co/KohOmSkSmT,1
- https://t.co/KohOmSkSmT (base,1
https://t.co/KohOmSkSmT (base &amp;,1
"(base &amp; proprietary,",1
"&amp; proprietary, all",1
"proprietary, all negative",1
all negative =,1
negative = left,1
= left leaning),1
left leaning) #ai,1
leaning) #ai https://t.co/NwGCgVl0LY,1
ğŸ”¥ #GitHub February,1
#GitHub February Updates:,1
February Updates: Developer,1
Updates: Developer Experience,1
Developer Experience Improvements,1
Experience Improvements ğŸ”¥,1
Improvements ğŸ”¥ #ai,1
ğŸ”¥ #ai #llm,1
#ai #llm #coding,1
#llm #coding ğŸ§µ,1
#coding ğŸ§µ ğŸ‘‡,1
ğŸ§µ ğŸ‘‡ ğŸ¤–,1
ğŸ‘‡ ğŸ¤– #GPT4o,1
ğŸ¤– #GPT4o #Copilot,1
#GPT4o #Copilot model,1
#Copilot model now,1
model now in,1
now in public,1
in public preview,1
public preview -,1
preview - trained,1
- trained on,1
trained on 275k+,1
on 275k+ repositories,1
275k+ repositories across,1
repositories across 30+,1
across 30+ programming,1
30+ programming languages,1
programming languages https://t.co/GLQ3EmZF4B,1
Try this dobby,1
this dobby out.,1
dobby out. its,1
out. its funnier,1
its funnier them,1
funnier them most,1
them most of,1
most of The,1
of The LLM's,1
The LLM's out,1
LLM's out there.,1
out there. It,1
there. It is,1
It is very,1
is very refreshing,1
very refreshing and,1
refreshing and engaing.,1
and engaing. Dobby,1
engaing. Dobby is,1
Dobby is your,1
is your that,1
your that friend,1
that friend who,1
friend who can,1
who can bitch,1
can bitch about,1
bitch about infront,1
about infront of,1
infront of you.,1
of you. #Dobby,1
you. #Dobby #Sentient,1
#Dobby #Sentient #LLM,1
#Sentient #LLM https://t.co/CSd7rWaWPK,1
What is next,1
is next in,1
next in Radiology,1
in Radiology Generative,1
Radiology Generative AI?,1
Generative AI? #LLM,1
AI? #LLM #AIAgent,1
#LLM #AIAgent and,1
#AIAgent and beyond!!,1
and beyond!! Great,1
beyond!! Great talk,1
Great talk by,1
talk by @woojinrad,1
by @woojinrad @SocietyAbdRad,1
@woojinrad @SocietyAbdRad @MoffittNews,1
@SocietyAbdRad @MoffittNews #SAR25,1
@MoffittNews #SAR25 https://t.co/lJVFZJm7VV,1
#SAR25 https://t.co/lJVFZJm7VV https://t.co/maMPx9K3Gy,1
@imPenny2x @RobotJunkyard72 M.,1
"@RobotJunkyard72 M. @imPenny2x,",1
"M. @imPenny2x, how",1
"@imPenny2x, how is",1
how is a,1
is a hammer,1
a hammer (a,1
hammer (a hand,1
(a hand tool),1
hand tool) like,1
tool) like an,1
like an #LLM?,1
an #LLM? You,1
#LLM? You can,1
You can actually,1
can actually hurt,1
actually hurt yourself,1
hurt yourself using,1
yourself using a,1
"using a hammer,",1
"a hammer, you",1
"hammer, you know.",1
you know. It,1
know. It requires,1
It requires skill,1
requires skill to,1
skill to use,1
to use a,1
use a hammer,1
a hammer and,1
hammer and not,1
and not everyone,1
not everyone can,1
everyone can do,1
can do it,1
do it properly.,1
it properly. Hammering,1
properly. Hammering nails,1
Hammering nails is,1
nails is something,1
is something you,1
something you don't,1
you don't know,1
don't know how,1
know how to,1
"how to do,",1
"to do, Penny",1
"do, Penny (i.e.",1
Penny (i.e. it's,1
(i.e. it's hard,1
it's hard work.),1
hard work.) ~Chara,1
English is the,1
is the new,1
the new programming,1
new programming language!!!,1
programming language!!! #PromptEngineering,1
language!!! #PromptEngineering #AutonomousCoding,1
#PromptEngineering #AutonomousCoding #CoPilot,1
#AutonomousCoding #CoPilot #AI,1
#CoPilot #AI #GenAI,1
#GenAI #LLM https://t.co/oIucDy62PI,1
ğŸŸ£ KAIST and,1
KAIST and DeepAuto,1
and DeepAuto #AI,1
DeepAuto #AI Researchers,1
#AI Researchers Propose,1
Researchers Propose InfiniteHiP:,1
Propose InfiniteHiP: A,1
InfiniteHiP: A Game-Changing,1
A Game-Changing Long-Context,1
Game-Changing Long-Context #LLM,1
Long-Context #LLM Framework,1
#LLM Framework for,1
Framework for 3M-Token,1
for 3M-Token Inference,1
3M-Token Inference on,1
Inference on a,1
on a Single,1
a Single GPU,1
Single GPU Read,1
GPU Read more,1
Read more ğŸ‘‡ğŸ‘‡,1
more ğŸ‘‡ğŸ‘‡ https://t.co/IswWOQY2VP,1
ğŸ‘‡ğŸ‘‡ https://t.co/IswWOQY2VP https://t.co/gtZwSgbcBS,1
Koel-TTS from NVIDIA,1
from NVIDIA tackles,1
NVIDIA tackles LLM,1
tackles LLM speech,1
LLM speech hallucinations,1
speech hallucinations using,1
hallucinations using preference,1
using preference alignment,1
preference alignment +,1
alignment + classifier-free,1
+ classifier-free guidance.,1
classifier-free guidance. Achieves,1
guidance. Achieves SOTA,1
Achieves SOTA intelligibility,1
SOTA intelligibility (0.51%,1
intelligibility (0.51% CER),1
(0.51% CER) with,1
CER) with less,1
with less training,1
less training data.,1
training data. https://t.co/CiJgHzHDB4,1
data. https://t.co/CiJgHzHDB4 #SpeechAI,1
https://t.co/CiJgHzHDB4 #SpeechAI #LLM,1
#SpeechAI #LLM #TTS,1
#LLM #TTS https://t.co/1dICzpACD2,1
New Blog: Challenging,1
Blog: Challenging the,1
Challenging the Hype:,1
the Hype: Why,1
Hype: Why AIâ€™s,1
Why AIâ€™s Path,1
AIâ€™s Path to,1
Path to General,1
to General Intelligence,1
General Intelligence Needs,1
Intelligence Needs a,1
Needs a Rethink,1
a Rethink -,1
Rethink - Part,1
- Part One,1
Part One Read,1
One Read our,1
Read our Blog:,1
our Blog: https://t.co/CxKhU8Mn5l,1
Blog: https://t.co/CxKhU8Mn5l #AISecurity,1
https://t.co/CxKhU8Mn5l #AISecurity #AIThirdParty,1
#AISecurity #AIThirdParty #AICompliance,1
#AIThirdParty #AICompliance #LLM,1
#AICompliance #LLM #AGI,1
#LLM #AGI #AIForGood,1
#AGI #AIForGood https://t.co/Smayl7mC9v,1
ğŸ“šâœ¨ Successful Pre-Synopsis,1
Successful Pre-Synopsis Submission,1
Pre-Synopsis Submission at,1
Submission at CPJ,1
at CPJ Campus!,1
CPJ Campus! âœ¨ğŸ“š,1
Campus! âœ¨ğŸ“š On,1
âœ¨ğŸ“š On 17th,1
On 17th February,1
"17th February 2025,",1
"February 2025, CPJ",1
"2025, CPJ College",1
CPJ College proudly,1
College proudly conducted,1
proudly conducted the,1
conducted the Pre-Synopsis,1
the Pre-Synopsis Submission,1
Pre-Synopsis Submission for,1
Submission for our,1
for our LL.M.,1
"our LL.M. students,",1
"LL.M. students, featuring",1
"students, featuring the",1
featuring the esteemed,1
the esteemed Dr.,1
esteemed Dr. Anuj,1
Dr. Anuj Kumar,1
"Anuj Kumar Vaksha,",1
"Kumar Vaksha, Professor",1
"Vaksha, Professor at",1
Professor at GGSIPU.,1
at GGSIPU. #LLM,1
GGSIPU. #LLM #ResearchDevelopment,1
#LLM #ResearchDevelopment #CPJCampus,1
#ResearchDevelopment #CPJCampus https://t.co/mMKGHl89AE,1
@VadimYuryev @VadimYuryev Great,1
@VadimYuryev Great Video:,1
Great Video: your,1
Video: your enthusiasm,1
your enthusiasm is,1
"enthusiasm is infectious,",1
"is infectious, i",1
"infectious, i am",1
i am seeing,1
am seeing the,1
seeing the brilliance,1
the brilliance of,1
brilliance of Ã†,1
of Ã† #UNIFIEDMEMORY,1
Ã† #UNIFIEDMEMORY pool,1
#UNIFIEDMEMORY pool as,1
pool as opposed,1
as opposed to,1
opposed to separate,1
to separate hardware,1
separate hardware for,1
hardware for the,1
for the CPU,1
the CPU &amp;,1
CPU &amp; GPU,1
&amp; GPU tasks.,1
GPU tasks. To,1
tasks. To be,1
To be able,1
be able to,1
able to run,1
to run an,1
run an independent,1
an independent #LLM,1
independent #LLM on,1
#LLM on hardware,1
on hardware which,1
hardware which requires,1
which requires 20+W,1
requires 20+W &amp;,1
20+W &amp; fits,1
&amp; fits in,1
fits in your,1
in your palm.,1
your palm. https://t.co/AgN2PDpp9Z,1
palm. https://t.co/AgN2PDpp9Z https://t.co/lN6CIkvN7W,1
"At NVIDIA, our",1
"NVIDIA, our collaboration",1
our collaboration with,1
collaboration with @tech_mahindra,1
with @tech_mahindra has,1
@tech_mahindra has been,1
has been a,1
been a testament,1
a testament to,1
testament to generative,1
to generative AI,1
"generative AI innovation,",1
"AI innovation, pioneering",1
"innovation, pioneering first",1
pioneering first dialect,1
first dialect based,1
dialect based Hindi,1
based Hindi #LLM,1
Hindi #LLM Nemotron-4-Mini-Hindi-4B,1
#LLM Nemotron-4-Mini-Hindi-4B model,1
Nemotron-4-Mini-Hindi-4B model using,1
model using NVIDIA's,1
using NVIDIA's stack.,1
NVIDIA's stack. Watch,1
stack. Watch the,1
Watch the video.,1
the video. https://t.co/avkW63LdMM,1
video. https://t.co/avkW63LdMM https://t.co/6IOG9J3aiv,1
ğŸš€ #SQL Measures?,1
#SQL Measures? In,1
Measures? In #BI?!,1
In #BI?! ğŸ˜¯,1
#BI?! ğŸ˜¯ Timbr's,1
ğŸ˜¯ Timbr's Semantic,1
Timbr's Semantic Metric,1
Semantic Metric Store,1
Metric Store makes,1
Store makes metrics,1
makes metrics simple.,1
metrics simple. âœ¨,1
simple. âœ¨ No,1
"âœ¨ No joins,",1
"No joins, no",1
"joins, no redundant",1
no redundant calculations!,1
redundant calculations! ğŸ”,1
"calculations! ğŸ” Reusable,",1
"ğŸ” Reusable, consistent",1
"Reusable, consistent metrics",1
consistent metrics across,1
metrics across tools,1
across tools âš¡ï¸,1
tools âš¡ï¸ 90%,1
âš¡ï¸ 90% faster,1
90% faster dashboard,1
faster dashboard delivery,1
dashboard delivery ğŸ¤–,1
delivery ğŸ¤– #LLM,1
ğŸ¤– #LLM integration,1
#LLM integration for,1
integration for accurate,1
for accurate insights,1
accurate insights ğŸ‘‰,1
insights ğŸ‘‰ https://t.co/u5Y5rjEpKU,1
The #Delegated #Chain,1
#Delegated #Chain o,1
#Chain o #Thought,1
o #Thought #Architecture.,1
#Thought #Architecture. #DCoT,1
#Architecture. #DCoT #architecture,1
#DCoT #architecture #decouples,1
#architecture #decouples #reasoning,1
#decouples #reasoning from,1
#reasoning from #execution,1
from #execution in,1
#execution in #LLM,1
in #LLM by,1
#LLM by #centralizing,1
by #centralizing reasoning,1
#centralizing reasoning in,1
"reasoning in ""#modulith""",1
"in ""#modulith"" n",1
"""#modulith"" n #delegating",1
n #delegating execution,1
#delegating execution #tasks,1
execution #tasks 2,1
#tasks 2 #specialized,1
2 #specialized #modulesğŸ¤–,1
#specialized #modulesğŸ¤– #ReAct,1
#modulesğŸ¤– #ReAct #Toolformer,1
#ReAct #Toolformer #AIğŸ‘¾,1
#Toolformer #AIğŸ‘¾ #Tek_nikel54ğŸ¤–,1
#AIğŸ‘¾ #Tek_nikel54ğŸ¤– https://t.co/zioBP23Mlp,1
#Tek_nikel54ğŸ¤– https://t.co/zioBP23Mlp https://t.co/p0gA3UjZG6,1
ğŸ«µ https://t.co/gOsgK4BPyv Â»Thinking,1
https://t.co/gOsgK4BPyv Â»Thinking Machine,1
Â»Thinking Machine Labs,1
Machine Labs is,1
Labs is ex-OpenAI,1
is ex-OpenAI CTO,1
ex-OpenAI CTO Mira,1
CTO Mira Muratiâ€™s,1
Mira Muratiâ€™s new,1
Muratiâ€™s new startupÂ«,1
new startupÂ« https://t.co/iCfcYfH3Bs,1
startupÂ« https://t.co/iCfcYfH3Bs #AIagent,1
https://t.co/iCfcYfH3Bs #AIagent #AI,1
Not all shipments,1
all shipments are,1
shipments are created,1
are created equal!,1
created equal! ğŸš—ğŸ’¡,1
equal! ğŸš—ğŸ’¡ Our,1
ğŸš—ğŸ’¡ Our AI-powered,1
Our AI-powered priority,1
AI-powered priority system,1
priority system flags,1
system flags high-priority,1
flags high-priority orders,1
high-priority orders based,1
orders based on,1
"based on urgency,",1
"on urgency, deadlines,",1
"urgency, deadlines, and",1
"deadlines, and complexityâ€”ensuring",1
and complexityâ€”ensuring they,1
complexityâ€”ensuring they move,1
they move seamlessly,1
move seamlessly through,1
seamlessly through the,1
through the system.,1
the system. #shipcarssmarter,1
system. #shipcarssmarter https://t.co/vibstQyrdI,1
#shipcarssmarter https://t.co/vibstQyrdI #carshipping,1
https://t.co/vibstQyrdI #carshipping #ai,1
#carshipping #ai #llm,1
#ai #llm #automotivelogistics,1
#llm #automotivelogistics https://t.co/vdNi1rWakc,1
@elonmusk @charliekirk11 @TeamTrump,1
@charliekirk11 @TeamTrump @X,1
@TeamTrump @X @DOGE,1
@X @DOGE @imPenny2x,1
@DOGE @imPenny2x @WholeMarsBlog,1
@imPenny2x @WholeMarsBlog @natemcgrady,1
@WholeMarsBlog @natemcgrady @GOP,1
@natemcgrady @GOP @RonaldReagan,1
@GOP @RonaldReagan @jpodhoretz,1
@RonaldReagan @jpodhoretz @p_m_robinson,1
@jpodhoretz @p_m_robinson @DavidLimbaugh,1
@p_m_robinson @DavidLimbaugh @JohnStossel,1
@DavidLimbaugh @JohnStossel @shaunmmaguire,1
@JohnStossel @shaunmmaguire @lexfridman,1
@shaunmmaguire @lexfridman @pegobry_en,1
@lexfridman @pegobry_en @TheRabbitHole84,1
@pegobry_en @TheRabbitHole84 @charlesmurray,1
@TheRabbitHole84 @charlesmurray I,1
@charlesmurray I had,1
I had roaring,1
had roaring intellectual,1
"roaring intellectual arguments,",1
"intellectual arguments, ""dialectic""",1
"arguments, ""dialectic"" arguments",1
"""dialectic"" arguments that",1
arguments that would,1
that would cause,1
would cause M.,1
cause M. @ConceptualJames,1
M. @ConceptualJames or,1
@ConceptualJames or M.,1
or M. @curtis_yarvin,1
M. @curtis_yarvin or,1
@curtis_yarvin or M.,1
or M. @realchrisrufo,1
M. @realchrisrufo to,1
@realchrisrufo to faint,1
to faint dead,1
faint dead away,1
dead away (then,1
away (then they'd,1
(then they'd revive,1
they'd revive and,1
revive and fart,1
and fart out,1
fart out ten,1
out ten #LLM,1
ten #LLM books,1
#LLM books on,1
books on the,1
on the teensy,1
the teensy little,1
teensy little taste,1
little taste they,1
taste they had),1
they had) with,1
had) with a,1
with a Marxist,1
a Marxist Chilean,1
Marxist Chilean exile.,1
Chilean exile. ~Chara,1
If your AI,1
your AI model,1
AI model isnâ€™t,1
model isnâ€™t giving,1
isnâ€™t giving you,1
giving you the,1
you the right,1
"the right answers,",1
"right answers, the",1
"answers, the problem",1
the problem might,1
problem might not,1
might not be,1
not be the,1
be the modelâ€”it,1
the modelâ€”it might,1
modelâ€”it might be,1
might be how,1
be how youâ€™re,1
how youâ€™re using,1
youâ€™re using it.,1
using it. #Deepseek,1
it. #Deepseek #LLM,1
#Deepseek #LLM #AI,1
#AI #MachineLearning #NaturalLanguageProcessing,1
#MachineLearning #NaturalLanguageProcessing https://t.co/pWMtfXzXad,1
The Next Frontier,1
Next Frontier in,1
Frontier in AI:,1
in AI: Consumer-Centric,1
AI: Consumer-Centric Applications,1
Consumer-Centric Applications for,1
Applications for Real-World,1
for Real-World Impact,1
Real-World Impact https://t.co/Lmw2I3NSsC,1
Impact https://t.co/Lmw2I3NSsC #AI,1
https://t.co/Lmw2I3NSsC #AI #LLM...,1
#AI #LLM... Like,1
#LLM... Like and,1
Like and Follow,1
and Follow for,1
Follow for more,1
for more QuantumBytz,1
more QuantumBytz updates!,1
QuantumBytz updates! Subscribe,1
updates! Subscribe to,1
Subscribe to our,1
to our Telegram,1
our Telegram channel,1
Telegram channel @quantumbytz.,1
AI tools can,1
tools can refine,1
can refine your,1
refine your LLM,1
your LLM personal,1
"LLM personal statement,",1
"personal statement, but",1
"statement, but rememberâ€”authenticity",1
but rememberâ€”authenticity is,1
rememberâ€”authenticity is key.,1
is key. Admissions,1
key. Admissions teams,1
Admissions teams want,1
teams want YOUR,1
"want YOUR voice,",1
"YOUR voice, not",1
"voice, not a",1
not a generic,1
a generic response.,1
generic response. Use,1
response. Use AI,1
Use AI ethically,1
AI ethically and,1
ethically and stay,1
and stay true,1
stay true to,1
true to your,1
to your story.,1
your story. #LLMGuide,1
story. #LLMGuide #LLM,1
#LLMGuide #LLM #LegalEducation,1
#LLM #LegalEducation #LLMStatement,1
#LegalEducation #LLMStatement https://t.co/XUOMfzzCB6,1
ğŸš€Can your language,1
your language model,1
language model think,1
model think strategically?,1
think strategically? ğŸ§ ,1
strategically? ğŸ§  SMART:,1
ğŸ§  SMART: Boosting,1
SMART: Boosting LM,1
Boosting LM self-awareness,1
LM self-awareness to,1
self-awareness to reduce,1
to reduce Tool,1
reduce Tool Overuse,1
Tool Overuse &amp;,1
Overuse &amp; optimize,1
&amp; optimize reasoning!,1
optimize reasoning! ğŸŒ,1
reasoning! ğŸŒ https://t.co/zJQM7GcEFd,1
ğŸŒ https://t.co/zJQM7GcEFd ğŸ“Š,1
https://t.co/zJQM7GcEFd ğŸ“Š https://t.co/oeogaduCLB,1
ğŸ“Š https://t.co/oeogaduCLB Smaller,1
"https://t.co/oeogaduCLB Smaller models,",1
"Smaller models, bigger",1
"models, bigger brains.",1
bigger brains. Smarter,1
brains. Smarter tool,1
"Smarter tool use,",1
"tool use, better",1
"use, better results!",1
better results! ğŸ”¥,1
results! ğŸ”¥ #AI,1
ğŸ”¥ #AI #LLM,1
#AI #LLM https://t.co/KKsVgA8ViY,1
Unlock #LLM inference,1
#LLM inference with,1
inference with auto-scaling,1
with auto-scaling on,1
auto-scaling on @AWS,1
on @AWS EKS,1
@AWS EKS âœ¨,1
EKS âœ¨ âœ…,1
âœ¨ âœ… Set,1
âœ… Set up,1
Set up EFA,1
up EFA networking,1
EFA networking &amp;,1
networking &amp; EFS,1
&amp; EFS storage,1
EFS storage with,1
storage with NVLink-connected,1
with NVLink-connected H100,1
NVLink-connected H100 GPUs,1
H100 GPUs on,1
GPUs on P5.48xlarge,1
on P5.48xlarge âœ…,1
P5.48xlarge âœ… Deploy,1
âœ… Deploy multi-node,1
Deploy multi-node Triton,1
multi-node Triton Inference,1
Triton Inference Server,1
Inference Server +,1
Server + TRT-LLM,1
+ TRT-LLM to,1
TRT-LLM to scale,1
to scale LLaMa,1
scale LLaMa 3.1,1
LLaMa 3.1 405B,1
3.1 405B models,1
405B models âœ…,1
models âœ… Use,1
âœ… Use LeaderWorkerSet,1
Use LeaderWorkerSet &amp;,1
LeaderWorkerSet &amp; Prometheus,1
&amp; Prometheus metrics,1
Prometheus metrics forâ€¦,1
metrics forâ€¦ https://t.co/cVYXJaESIV,1
forâ€¦ https://t.co/cVYXJaESIV https://t.co/LnDKbMk3Xd,1
Will software developers,1
software developers soon,1
developers soon lose,1
soon lose their,1
lose their jobs,1
their jobs to,1
jobs to AI?,1
to AI? Itâ€™s,1
AI? Itâ€™s not,1
Itâ€™s not the,1
not the end,1
the end of,1
end of programming,1
of programming but,1
programming but â€œthe,1
but â€œthe end,1
â€œthe end of,1
end of programmingâ€https://t.co/ohx49e6COe,1
of programmingâ€https://t.co/ohx49e6COe #AI,1
programmingâ€https://t.co/ohx49e6COe #AI #datascience,1
#AI #datascience #machinelearning,1
#datascience #machinelearning #LLM,1
#machinelearning #LLM #code,1
#LLM #code #coding,1
ğŸš€ Free Course:,1
Free Course: Agentic,1
Course: Agentic AI,1
Agentic AI Essentials,1
AI Essentials for,1
Essentials for Managers,1
for Managers &amp;,1
Managers &amp; Professionals,1
&amp; Professionals ğŸ’¼,1
Professionals ğŸ’¼ ğŸ‘¨â€ğŸ’¼,1
ğŸ’¼ ğŸ‘¨â€ğŸ’¼ Empower,1
ğŸ‘¨â€ğŸ’¼ Empower your,1
"Empower your team,",1
"your team, gain",1
"team, gain actionable",1
"gain actionable insights,",1
"actionable insights, and",1
"insights, and stay",1
and stay ahead,1
stay ahead in,1
ahead in the,1
in the AI-powered,1
the AI-powered world!,1
AI-powered world! ğŸ‘‰,1
world! ğŸ‘‰ Join,1
ğŸ‘‰ Join Now:,1
Join Now: https://t.co/4GDwi20CA9,1
Now: https://t.co/4GDwi20CA9 #FreeCourse,1
https://t.co/4GDwi20CA9 #FreeCourse #AIForBusiness,1
#FreeCourse #AIForBusiness #LLM,1
#AIForBusiness #LLM #Managers,1
#LLM #Managers #Innovation,1
#Managers #Innovation #AILeadership,1
AI is transforming,1
is transforming the,1
transforming the way,1
the way we,1
way we workâ€”but,1
we workâ€”but itâ€™s,1
workâ€”but itâ€™s also,1
itâ€™s also reshaping,1
also reshaping the,1
reshaping the threat,1
the threat landscape.,1
threat landscape. Evolving,1
landscape. Evolving Solutions,1
Evolving Solutions is,1
Solutions is here,1
is here to,1
here to help,1
to help you,1
help you stay,1
you stay ahead,1
stay ahead of,1
ahead of the,1
of the threats.,1
the threats. Read,1
threats. Read the,1
Read the 5,1
the 5 Must-Know,1
5 Must-Know Insights,1
Must-Know Insights into,1
Insights into the,1
into the Evolving,1
the Evolving 2025,1
Evolving 2025 Security,1
2025 Security Landscape:,1
Security Landscape: https://t.co/0jmAR5r38i,1
Landscape: https://t.co/0jmAR5r38i #Cybersecurity,1
https://t.co/0jmAR5r38i #Cybersecurity #AI,1
#Cybersecurity #AI #LLM,1
#AI #LLM https://t.co/muJiXS2co3,1
New FrigidStealer Malware,1
FrigidStealer Malware Targets,1
Malware Targets macOS,1
Targets macOS Users,1
macOS Users via,1
Users via Fake,1
via Fake Browser,1
Fake Browser Updates,1
Browser Updates https://t.co/2QAfAYRA5r,1
Updates https://t.co/2QAfAYRA5r #llm,1
https://t.co/2QAfAYRA5r #llm #gpt,1
#llm #gpt #ai,1
#gpt #ai #cybersecurity,1
#ai #cybersecurity #malware,1
#cybersecurity #malware #threatdetection,1
#malware #threatdetection #genai,1
#threatdetection #genai #soc,1
#genai #soc #cyberdefense,1
#soc #cyberdefense #threatintel,1
#cyberdefense #threatintel #threats,1
#threatintel #threats #chatgpt,1
#threats #chatgpt #gemini,1
#chatgpt #gemini #llama,1
#gemini #llama #nlp,1
#llama #nlp #artificialintelligence,1
#nlp #artificialintelligence #digitaltransformation,1
#artificialintelligence #digitaltransformation https://t.co/mzttCPKBei,1
Ø£ÙˆÙ„ USB ÙÙŠ,1
USB ÙÙŠ Ø§Ù„Ø¹Ø§Ù„Ù…,1
ÙÙŠ Ø§Ù„Ø¹Ø§Ù„Ù… ÙŠØ­Ù…Ù„,1
Ø§Ù„Ø¹Ø§Ù„Ù… ÙŠØ­Ù…Ù„ Ù†Ù…ÙˆØ°Ø¬,1
ÙŠØ­Ù…Ù„ Ù†Ù…ÙˆØ°Ø¬ Ù„ØºÙˆÙŠ,1
Ù†Ù…ÙˆØ°Ø¬ Ù„ØºÙˆÙŠ ÙƒØ¨ÙŠØ±!,1
Ù„ØºÙˆÙŠ ÙƒØ¨ÙŠØ±! ÙŠÙ…ÙƒÙ†Ùƒ,1
ÙƒØ¨ÙŠØ±! ÙŠÙ…ÙƒÙ†Ùƒ Ø§Ù„Ø¢Ù†,1
ÙŠÙ…ÙƒÙ†Ùƒ Ø§Ù„Ø¢Ù† ØªÙˆÙ„ÙŠØ¯,1
Ø§Ù„Ø¢Ù† ØªÙˆÙ„ÙŠØ¯ Ù†ØµÙˆØµ,1
ØªÙˆÙ„ÙŠØ¯ Ù†ØµÙˆØµ Ù…Ø¨Ø§Ø´Ø±Ø©,1
Ù†ØµÙˆØµ Ù…Ø¨Ø§Ø´Ø±Ø© Ù…Ù†,1
Ù…Ø¨Ø§Ø´Ø±Ø© Ù…Ù† Ø§Ù„Ø°Ø§ÙƒØ±Ø©,1
Ù…Ù† Ø§Ù„Ø°Ø§ÙƒØ±Ø© Ø§Ù„ÙÙ„Ø§Ø´ÙŠØ©.,1
Ø§Ù„Ø°Ø§ÙƒØ±Ø© Ø§Ù„ÙÙ„Ø§Ø´ÙŠØ©. #LLM,1
Ø§Ù„ÙÙ„Ø§Ø´ÙŠØ©. #LLM #AI,1
#LLM #AI #USB,1
#AI #USB #innovation,1
#USB #innovation https://t.co/pf6RkbFlac,1
ğŸ’¡ Grok 3:,1
Grok 3: il,1
3: il nuovo,1
il nuovo modello,1
nuovo modello AI,1
modello AI di,1
AI di xAI,1
di xAI Ã¨,1
xAI Ã¨ pronto,1
Ã¨ pronto a,1
pronto a sfidare,1
a sfidare OpenAI,1
sfidare OpenAI https://t.co/Fcq1kwvokG,1
OpenAI https://t.co/Fcq1kwvokG #ai,1
https://t.co/Fcq1kwvokG #ai #blog,1
#ai #blog #elonmusk,1
#blog #elonmusk #gemini,1
#elonmusk #gemini #grok,1
#gemini #grok #ia,1
#grok #ia #llm,1
#ia #llm #news,1
#llm #news #openai,1
#news #openai #picks,1
#openai #picks #tech,1
#picks #tech #tecnologia,1
#tech #tecnologia #xai,1
#tecnologia #xai @elonmusk,1
#xai @elonmusk @xai,1
@ephremishac introduces the,1
introduces the first,1
the first public,1
first public Syriac,1
public Syriac HTR,1
Syriac HTR model,1
HTR model on,1
model on @Transkribus,1
on @Transkribus helping,1
@Transkribus helping make,1
helping make Syriac,1
make Syriac manuscripts,1
Syriac manuscripts more,1
manuscripts more accessible.,1
more accessible. #digitalhumanities,1
accessible. #digitalhumanities #SyriacStudies,1
#digitalhumanities #SyriacStudies #history,1
#SyriacStudies #history #HTR,1
#history #HTR #Coding,1
#HTR #Coding #llm,1
#Coding #llm https://t.co/NjnbkaeVhw,1
Karpathy tested Grok,1
tested Grok 3.,1
Grok 3. It,1
3. It matches,1
It matches GPT,1
matches GPT in,1
GPT in reasoning,1
in reasoning tasks.,1
reasoning tasks. Solid,1
tasks. Solid progress,1
Solid progress but,1
progress but still,1
but still needs,1
still needs work,1
needs work on,1
work on humor.,1
on humor. #AI,1
humor. #AI #LLM,1
#AI #LLM #Tech,1
#LLM #Tech https://t.co/vdUXv3QFQ5,1
Need to fine-tune,1
to fine-tune a,1
fine-tune a public,1
a public LLM,1
public LLM with,1
LLM with your,1
with your companyâ€™s,1
your companyâ€™s data?,1
companyâ€™s data? Speeding,1
data? Speeding these,1
Speeding these tasks,1
these tasks can,1
tasks can help,1
can help you,1
help you build,1
you build your,1
build your AI,1
your AI solution,1
AI solution sooner.,1
solution sooner. How,1
sooner. How @Dell,1
How @Dell PowerEdge,1
@Dell PowerEdge R7615,1
PowerEdge R7615 servers,1
R7615 servers with,1
servers with @Broadcom,1
with @Broadcom 100GbE,1
@Broadcom 100GbE NICs,1
100GbE NICs can,1
NICs can help,1
can help accelerate,1
help accelerate the,1
accelerate the process:,1
the process: https://t.co/svUw9TfV5Y,1
process: https://t.co/svUw9TfV5Y #AI,1
https://t.co/svUw9TfV5Y #AI #LLM,1
#AI #LLM https://t.co/3sofhHVG7H,1
@elonmusk @imPenny2x @WholeMarsBlog,1
@imPenny2x @WholeMarsBlog @ajtourville,1
@WholeMarsBlog @ajtourville @WallStreetMav,1
@ajtourville @WallStreetMav @themarketswork,1
@WallStreetMav @themarketswork @cb_doge,1
@themarketswork @cb_doge @mayemusk,1
@cb_doge @mayemusk @SawyerMerritt,1
@mayemusk @SawyerMerritt @WalterIsaacson,1
@SawyerMerritt @WalterIsaacson @DogecoinNorway,1
@WalterIsaacson @DogecoinNorway @AutismCapital,1
@DogecoinNorway @AutismCapital @rpoo,1
@AutismCapital @rpoo Sudden,1
@rpoo Sudden rises,1
Sudden rises in,1
rises in #stocks,1
in #stocks or,1
#stocks or #cryptocurrencies,1
or #cryptocurrencies are,1
#cryptocurrencies are easily,1
are easily publicizedâ€”the,1
easily publicizedâ€”the process,1
publicizedâ€”the process must,1
process must surely,1
must surely be,1
surely be almost,1
be almost automatic,1
"almost automatic now,",1
"automatic now, even",1
"now, even without",1
even without the,1
"without the ""help""",1
"the ""help"" of",1
"""help"" of @OpenAI",1
of @OpenAI or,1
@OpenAI or @grok,1
or @grok or,1
@grok or some,1
or some other,1
some other #LLM,1
other #LLM slush,1
#LLM slush generator,1
slush generator to,1
generator to crank,1
to crank out,1
crank out #news,1
out #news #content,1
#news #content according,1
#content according to,1
according to simple,1
"to simple formulae,",1
"simple formulae, e.g.",1
"formulae, e.g. #StockMarket",1
e.g. #StockMarket spikes.,1
Our latest #AI,1
latest #AI &amp;,1
#AI &amp; #DataEngineering,1
&amp; #DataEngineering case,1
#DataEngineering case study,1
case study showcases,1
study showcases how,1
showcases how we,1
how we helped,1
we helped a,1
helped a financial,1
a financial company,1
financial company enhance,1
company enhance data,1
enhance data extraction,1
data extraction accuracy,1
extraction accuracy and,1
accuracy and scalability,1
and scalability using,1
scalability using cutting-edge,1
using cutting-edge #LLM,1
cutting-edge #LLM optimization,1
#LLM optimization and,1
optimization and #AzureAI.,1
and #AzureAI. Read,1
#AzureAI. Read the,1
Read the full,1
the full Case:https://t.co/AIox48m41j,1
full Case:https://t.co/AIox48m41j Get,1
Case:https://t.co/AIox48m41j Get a,1
Get a quote,1
a quote today:,1
quote today: https://t.co/6wGoAURQVt,1
today: https://t.co/6wGoAURQVt https://t.co/MWsQpuSNay,1
